region,Environmental Office Region,province,municipality,fiscal year,size,Type of Certificate,Certificate,Type
ภาคเหนือ,สสภ.01 (เขียงใหม่),เชียงราย,ทต.เวียงเทิง,2559,กลาง,ระดับประเทศ,รางวัลชนะเลิศ ทบ.น่าอยู่ ยอดเยี่ยมระดับประเทศ,ทต.
ภาคเหนือ,สสภ.01 (เขียงใหม่),ลำพูน,ทม.ลำพูน,2562,เมือง,ระดับประเทศ,รางวัลชนะเลิศ ทบ.น่าอยู่ ยอดเยี่ยมระดับประเทศ,ทม.
ภาคเหนือ,สสภ.01 (เชียงใหม่),เชียงใหม่,ทต.ช้างเผือก,2547,ตำบล,ระดับประเทศ,ดีเด่นระดับภาค,ทต.
ภาคเหนือ,สสภ.01 (เชียงใหม่),เชียงใหม่,ทต.เวียงฝาง,2547,ตำบล,ระดับประเทศ,ดีเด่นระดับภาค,ทต.
ภาคเหนือ,สสภ.01 (เชียงใหม่),เชียงราย,ทต.บุญเรือง,2550,เล็ก,ระดับประเทศ,รางวัลชมเชย (ทบ.),ทต.
ภาคเหนือ,สสภ.01 (เชียงใหม่),เชียงใหม่,ทต.ไชยปราการ,2550,กลาง,ระดับประเทศ,รางวัลชมเชย (ทบ.),ทต.
ภาคเหนือ,สสภ.01 (เชียงใหม่),เชียงใหม่,ทต.เวียงฝาง,2550,กลาง,ระดับประเทศ,รางวัลชมเชย (ทบ.),ทต.
ภาคเหนือ,สสภ.01 (เชียงใหม่),ลำพูน,ทต.อุโมงค์,2550,กลาง,ระดับประเทศ,รางวัลชนะเลิศ ทบ.น่าอยู่ ยอดเยี่ยมระดับประเทศ,ทต.
ภาคเหนือ,สสภ.01 (เชียงใหม่),เชียงราย,ทต.เวียงเชียงแสน,2552,เล็ก,ระดับประเทศ,รางวัลชมเชย (ทบ.),ทต.
ภาคเหนือ,สสภ.01 (เชียงใหม่),เชียงราย,ทต.เวียงเทิง,2552,เล็ก,ระดับประเทศ,รางวัลชมเชย (ทบ.),ทต.
ภาคเหนือ,สสภ.01 (เชียงใหม่),เชียงใหม่,ทต.ช้างเผือก,2552,เล็ก,ระดับประเทศ,รางวัลชมเชย (ทบ.),ทต.
ภาคเหนือ,สสภ.01 (เชียงใหม่),เชียงใหม่,ทต.ลวงเหนือ,2552,เล็ก,ระดับประเทศ,รางวัลรองชนะเลิศ อันดับ 2 (ทบ.),ทต.
ภาคเหนือ,สสภ.01 (เชียงใหม่),เชียงใหม่,ทต.หนองแฝก,2555,เล็ก,ระดับประเทศ,รางวัลชมเชย (ทบ.),ทต.
ภาคเหนือ,สสภ.01 (เชียงใหม่),ลำพูน,ทต.วังผาง,2555,เล็ก,ระดับประเทศ,รางวัลรองชนะเลิศ อันดับ 2 (ทบ.),ทต.
ภาคเหนือ,สสภ.01 (เชียงใหม่),ลำพูน,ทต.หนองล่อง,2555,เล็ก,ระดับประเทศ,รางวัลรองชนะเลิศ อันดับ 3 (ทบ.),ทต.
ภาคเหนือ,สสภ.01 (เชียงใหม่),เชียงราย,ทต.เชียงเคี่ยน,2558,เล็ก,ระดับประเทศ,รางวัลชนะเลิศ ทบ.ด้าน สวล. ยั่งยืนยอดเยี่ยมระดับประเทศ,ทต.
ภาคเหนือ,สสภ.01 (เชียงใหม่),เชียงใหม่,ทต.ไชยปราการ,2558,กลาง,ระดับประเทศ,รางวัลรองชนะเลิศ อันดับ 1 (ทบ.),ทต.
ภาคเหนือ,สสภ.01 (เชียงใหม่),เชียงใหม่,ทต.น้ำแพร่พัฒนา,2558,กลาง,ระดับประเทศ,รางวัลแห่งความมุ่งมั่นตั้งใจในการจัดการสิ่งแวดล้อมยั่งยืน,ทต.
ภาคเหนือ,สสภ.01 (เชียงใหม่),เชียงใหม่,ทต.แม่ท่าช้าง,2558,เล็ก,ระดับประเทศ,รางวัลรองชนะเลิศ อันดับ 3 (ทบ.),ทต.
ภาคเหนือ,สสภ.01 (เชียงใหม่),เชียงราย,ทต.นางแล,2561,เล็ก,ระดับพื้นที่,ระดับดีมาก,ทต.
ภาคเหนือ,สสภ.01 (เชียงใหม่),เชียงใหม่,ทต.ชมภู,2561,ตำบล,ระดับพื้นที่,ระดับดีมาก,ทต.
ภาคเหนือ,สสภ.01 (เชียงใหม่),เชียงใหม่,ทต.สุเทพ,2561,เล็ก,ระดับพื้นที่,ระดับดี,ทต.
ภาคเหนือ,สสภ.01 (เชียงใหม่),ลำพูน,ทต.บ้านกลาง,2561,เล็ก,ระดับพื้นที่,ระดับดี,ทต.
ภาคเหนือ,สสภ.01 (เชียงใหม่),ลำพูน,ทต.ป่าสัก,2561,ตำบล,ระดับพื้นที่,ระดับดีเยี่ยม,ทต.
ภาคเหนือ,สสภ.01 (เชียงใหม่),เชียงราย,ทต.นางแล,2562,ตำบล,ระดับพื้นที่,ระดับดีเยี่ยม,ทต.
ภาคเหนือ,สสภ.01 (เชียงใหม่),เชียงใหม่,ทต.ชมภู,2562,ตำบล,ระดับพื้นที่,ระดับดีเยี่ยม,ทต.
ภาคเหนือ,สสภ.01 (เชียงใหม่),เชียงใหม่,ทต.น้ำแพร่พัฒนา,2562,ตำบล,ระดับพื้นที่,ระดับดีเยี่ยม,ทต.
ภาคเหนือ,สสภ.01 (เชียงใหม่),แม่ฮ่องสอน,ทต.ปาย,2562,ตำบล,ระดับพื้นที่,ระดับดีมาก,ทต.
ภาคเหนือ,สสภ.01 (เชียงใหม่),ลำพูน,ทต.บ้านกลาง,2562,เล็ก,ระดับพื้นที่,ระดับดีเยี่ยม,ทต.
ภาคเหนือ,สสภ.01 (เชียงใหม่),ลำพูน,ทต.ศรีเตี้ย,2562,เล็ก,ระดับพื้นที่,ระดับดีเยี่ยม,ทต.
ภาคเหนือ,สสภ.01 (เชียงใหม่),เชียงราย,ทต.นางแล,2563,ตำบล,ระดับประเทศ,รางวัลรองชนะเลิศ อันดับ 1 (ทบ.),ทต.
ภาคเหนือ,สสภ.01 (เชียงใหม่),เชียงใหม่,ทต.ชมภู,2563,ตำบล,ระดับประเทศ,รางวัลรองชนะเลิศ อันดับ 1 (ทบ.),ทต.
ภาคเหนือ,สสภ.01 (เชียงใหม่),เชียงใหม่,ทต.น้ำแพร่พัฒนา,2563,ตำบล,ระดับประเทศ,รางวัลรองชนะเลิศ อันดับ 3 (ทบ.),ทต.
ภาคเหนือ,สสภ.01 (เชียงใหม่),ลำพูน,ทต.บ้านกลาง,2563,ตำบล,ระดับประเทศ,รางวัลรองชนะเลิศ อันดับ 1 (ทบ.),ทต.
ภาคเหนือ,สสภ.01 (เชียงใหม่),ลำพูน,ทต.ศรีเตี้ย,2563,ตำบล,ระดับประเทศ,รางวัลรองชนะเลิศ อันดับ 1 (ทบ.),ทต.
ภาคเหนือ,สสภ.01 (เชียงใหม่),เชียงราย,ทน.เชียงราย,2547,ใหญ่,ระดับประเทศ,ดีเด่นระดับประเทศ,ทน.
ภาคเหนือ,สสภ.01 (เชียงใหม่),เชียงราย,ทน.เชียงราย,2550,ใหญ่,ระดับประเทศ,รางวัลชมเชย (ทบ.),ทน.
ภาคเหนือ,สสภ.01 (เชียงใหม่),เชียงราย,ทน.เชียงราย,2552,ใหญ่,ระดับประเทศ,รางวัลรองชนะเลิศ อันดับ 3 (ทบ.),ทน.
ภาคเหนือ,สสภ.01 (เชียงใหม่),เชียงราย,ทน.เชียงราย,2555,ใหญ่,ระดับประเทศ,รางวัลชนะเลิศ ด้านสิ่งแวดล้อม“เมืองสวยน้ำใสไร้มลพิษเพียงกินอยู่รู้คิดเป็นมิตรกับสิ่งแวดล้อม”,ทน.
ภาคเหนือ,สสภ.01 (เชียงใหม่),เชียงราย,ทน.เชียงราย,2555,ใหญ่,ระดับประเทศ,รางวัลรองชนะเลิศ อันดับ 1 (ทบ.),ทน.
ภาคเหนือ,สสภ.01 (เชียงใหม่),แม่ฮ่องสอน,ทม.แม่ฮ่องสอน,2552,กลาง,ระดับประเทศ,รางวัลชนะเลิศ ทบ.น่าอยู่ ยอดเยี่ยมระดับประเทศ,ทม.
ภาคเหนือ,สสภ.01 (เชียงใหม่),ลำพูน,ทม.ลำพูน,2561,เมือง,ระดับพื้นที่,ระดับดีเยี่ยม,ทม.
ภาคเหนือ,สสภ.01 (เชียงใหม่),ลำพูน,ทต.ป่าสัก,2562,ตำบล,ระดับประเทศ,รางวัลชนะเลิศ ทบ.น่าอยู่ ยอดเยี่ยมระดับประเทศ,ทต.
ภาคเหนือ,สสภ.02 (ลำปาง),พะเยา,ทต.ดงเจน,2550,เล็ก,ระดับประเทศ,รางวัลชนะเลิศ ทบ.น่าอยู่ ยอดเยี่ยมระดับประเทศ,ทต.
ภาคเหนือ,สสภ.02 (ลำปาง),แพร่,ทต.สูงเม่น,2550,เล็ก,ระดับประเทศ,รางวัลชมเชย (ทบ.),ทต.
ภาคเหนือ,สสภ.02 (ลำปาง),พะเยา,ทต.งิม,2552,เล็ก,ระดับประเทศ,รางวัลรองชนะเลิศ อันดับ 2 (ทบ.),ทต.
ภาคเหนือ,สสภ.02 (ลำปาง),แพร่,ทต.บ้านปิน,2552,เล็ก,ระดับประเทศ,รางวัลชมเชย (ทบ.),ทต.
ภาคเหนือ,สสภ.02 (ลำปาง),แพร่,ทต.แม่หล่าย,2552,เล็ก,ระดับประเทศ,รางวัลรองชนะเลิศ อันดับ 3 (ทบ.),ทต.
ภาคเหนือ,สสภ.02 (ลำปาง),ลำปาง,ทต.เกาะคา,2552,กลาง,ระดับประเทศ,รางวัลชมเชย (ทบ.),ทต.
ภาคเหนือ,สสภ.02 (ลำปาง),ลำพูน,ทต.ต้นธง,2552,เล็ก,ระดับประเทศ,รางวัลชมเชย (ทบ.),ทต.
ภาคเหนือ,สสภ.02 (ลำปาง),พะเยา,ทต.งิม,2555,เล็ก,ระดับประเทศ,รางวัลรองชนะเลิศ อันดับ 1 (ทบ.),ทต.
ภาคเหนือ,สสภ.02 (ลำปาง),น่าน,ทต.กลางเวียง,2558,กลาง,ระดับประเทศ,รางวัลรองชนะเลิศ อันดับ 1 (ทบ.),ทต.
ภาคเหนือ,สสภ.02 (ลำปาง),แพร่,ทต.สอง,2558,กลาง,ระดับประเทศ,รางวัลแห่งความมุ่งมั่นตั้งใจในการจัดการสิ่งแวดล้อมยั่งยืน,ทต.
ภาคเหนือ,สสภ.02 (ลำปาง),ลำปาง,ทต.เกาะคา,2558,กลาง,ระดับประเทศ,รางวัลชนะเลิศ ทบ.ด้าน สวล. ยั่งยืนยอดเยี่ยมระดับประเทศ,ทต.
ภาคเหนือ,สสภ.02 (ลำปาง),น่าน,ทต.กลางเวียง,2559,กลาง,ระดับประเทศ,รางวัลรองชนะเลิศ อันดับ 1 (ทบ.),ทต.
ภาคเหนือ,สสภ.02 (ลำปาง),พะเยา,ทต.บ้านสาง,2559,เล็ก,ระดับประเทศ,รางวัลชนะเลิศ ทบ.ด้าน สวล. ยั่งยืนยอดเยี่ยมระดับประเทศ,ทต.
ภาคเหนือ,สสภ.02 (ลำปาง),พะเยา,ทต.บ้านสาง,2559,เล็ก,ระดับประเทศ,รางวัลรองชนะเลิศ อันดับ 1 (ทบ.),ทต.
ภาคเหนือ,สสภ.02 (ลำปาง),พะเยา,ทต.บ้านเหล่า,2561,ตำบล,ระดับพื้นที่,ระดับดีมาก,ทต.
ภาคเหนือ,สสภ.02 (ลำปาง),พะเยา,ทต.ปง,2561,ตำบล,ระดับพื้นที่,ระดับดีเยี่ยม,ทต.
ภาคเหนือ,สสภ.02 (ลำปาง),แพร่,ทต.สูงเม่น,2561,เล็ก,ระดับพื้นที่,ระดับดีเยี่ยม,ทต.
ภาคเหนือ,สสภ.02 (ลำปาง),แพร่,ทต.ห้วยหม้าย,2561,เล็ก,ระดับพื้นที่,ระดับดี,ทต.
ภาคเหนือ,สสภ.02 (ลำปาง),ลำปาง,ทต.บ่อแฮ้ว,2561,ตำบล,ระดับพื้นที่,ระดับดีมาก,ทต.
ภาคเหนือ,สสภ.02 (ลำปาง),ลำปาง,ทต.ป่าตันนาครัว,2561,ตำบล,ระดับพื้นที่,ระดับดีเยี่ยม,ทต.
ภาคเหนือ,สสภ.02 (ลำปาง),น่าน,ทต.ปัว,2562,ตำบล,ระดับพื้นที่,ระดับดีเยี่ยม,ทต.
ภาคเหนือ,สสภ.02 (ลำปาง),น่าน,ทต.เวียงสา,2562,ตำบล,ระดับพื้นที่,ระดับดีมาก,ทต.
ภาคเหนือ,สสภ.02 (ลำปาง),พะเยา,ทต.งิม,2562,ตำบล,ระดับพื้นที่,ระดับดี,ทต.
ภาคเหนือ,สสภ.02 (ลำปาง),พะเยา,ทต.บ้านเหล่า,2562,ตำบล,ระดับพื้นที่,ระดับดีเยี่ยม,ทต.
ภาคเหนือ,สสภ.02 (ลำปาง),ลำปาง,ทต.บ่อแฮ้ว,2562,ตำบล,ระดับพื้นที่,ระดับดีมาก,ทต.
ภาคเหนือ,สสภ.02 (ลำปาง),ลำปาง,ทต.แม่มอก,2562,ตำบล,ระดับพื้นที่,ระดับดีเยี่ยม,ทต.
ภาคเหนือ,สสภ.02 (ลำปาง),น่าน,ทต.ปัว,2563,ตำบล,ระดับประเทศ,รางวัลรองชนะเลิศ อันดับ 1 (ทบ.),ทต.
ภาคเหนือ,สสภ.02 (ลำปาง),น่าน,ทต.ปัว,2563,ตำบล,ระดับประเทศ,รางวัลรองชนะเลิศ อันดับ 1 (สวล.),ทต.
ภาคเหนือ,สสภ.02 (ลำปาง),พะเยา,ทต.บ้านเหล่า,2563,ตำบล,ระดับประเทศ,รางวัลรองชนะเลิศ อันดับ 2 (ทบ.),ทต.
ภาคเหนือ,สสภ.02 (ลำปาง),ลำปาง,ทต.แม่มอก,2563,ตำบล,ระดับประเทศ,รางวัลรองชนะเลิศ อันดับ 1 (ทบ.),ทต.
ภาคเหนือ,สสภ.02 (ลำปาง),ลำปาง,ทน.ลำปาง,2550,ใหญ่,ระดับประเทศ,รางวัลชมเชย (ทบ.),ทน.
ภาคเหนือ,สสภ.02 (ลำปาง),ลำปาง,ทน.ลำปาง,2552,ใหญ่,ระดับประเทศ,รางวัลชมเชย (ทบ.),ทน.
ภาคเหนือ,สสภ.02 (ลำปาง),ลำปาง,ทน.ลำปาง,2555,ใหญ่,ระดับประเทศ,รางวัลรองชนะเลิศ อันดับ 2 (ทบ.),ทน.
ภาคเหนือ,สสภ.02 (ลำปาง),ลำปาง,ทน.ลำปาง,2561,นคร,ระดับพื้นที่,ระดับดีเยี่ยม,ทน.
ภาคเหนือ,สสภ.02 (ลำปาง),ลำปาง,ทน.ลำปาง,2562,นคร,ระดับประเทศ,รางวัลชนะเลิศ ทบ.น่าอยู่ ยอดเยี่ยมระดับประเทศ,ทน.
ภาคเหนือ,สสภ.02 (ลำปาง),ลำปาง,ทม.เขลางค์นคร,2558,ใหญ่,ระดับประเทศ,รางวัลรองชนะเลิศ อันดับ 3 (ทบ.),ทม.
ภาคเหนือ,สสภ.02 (ลำปาง),น่าน,ทม.น่าน,2559,ใหญ่,ระดับประเทศ,รางวัลรองชนะเลิศ อันดับ 1 (ทบ.),ทม.
ภาคเหนือ,สสภ.02 (ลำปาง),ลำปาง,ทม.เขลางค์นคร,2559,ใหญ่,ระดับประเทศ,รางวัลชมเชย (ทบ.),ทม.
ภาคเหนือ,สสภ.02 (ลำปาง),พะเยา,ทต.ปง,2562,ตำบล,ระดับประเทศ,รางวัลรองชนะเลิศ อันดับ 3 (ทบ.),ทต.
ภาคเหนือ,สสภ.02 (ลำปาง),แพร่,ทต.สูงเม่น,2562,ตำบล,ระดับประเทศ,รางวัลรองชนะเลิศ อันดับ 3 (ทบ.),ทต.
ภาคเหนือ,สสภ.02 (ลำปาง),ลำปาง,ทต.ป่าตันนาครัว,2562,ตำบล,ระดับประเทศ,รางวัลรองชนะเลิศ อันดับ 3 (ทบ.),ทต.
ภาคเหนือ,สสภ.03 (พิษณุโลก),อุตรดิตถ์,ทต.บ้านแก่ง,2547,ตำบล,ระดับประเทศ,ดีเด่นระดับประเทศ,ทต.
ภาคเหนือ,สสภ.03 (พิษณุโลก),ตาก,ทต.แม่ระมาด,2552,เล็ก,ระดับประเทศ,รางวัลชมเชย (ทบ.),ทต.
ภาคเหนือ,สสภ.03 (พิษณุโลก),เพชรบูรณ์,ทต.ชนแดน,2555,ตำบล,ระดับประเทศ,รางวัลรองชนะเลิศ อันดับ 3 (ทบ.),ทต.
ภาคเหนือ,สสภ.03 (พิษณุโลก),ตาก,ทต.หนองบัวใต้,2559,เล็ก,ระดับประเทศ,รางวัลชมเชย (ทบ.),ทต.
ภาคเหนือ,สสภ.03 (พิษณุโลก),ตาก,ทต.ไม้งาม,2561,ตำบล,ระดับพื้นที่,ระดับดีเยี่ยม,ทต.
ภาคเหนือ,สสภ.03 (พิษณุโลก),ตาก,ทต.วังเจ้า,2561,ตำบล,ระดับพื้นที่,ระดับดีเยี่ยม,ทต.
ภาคเหนือ,สสภ.03 (พิษณุโลก),ตาก,ทต.หนองบัวใต้,2561,ตำบล,ระดับพื้นที่,ระดับดีเยี่ยม,ทต.
ภาคเหนือ,สสภ.03 (พิษณุโลก),พิษณุโลก,ทต.บางกระทุ่ม,2561,ตำบล,ระดับพื้นที่,ระดับดีเยี่ยม,ทต.
ภาคเหนือ,สสภ.03 (พิษณุโลก),พิษณุโลก,ทต.บ้านคลอง,2561,ตำบล,ระดับพื้นที่,ระดับดีเยี่ยม,ทต.
ภาคเหนือ,สสภ.03 (พิษณุโลก),พิษณุโลก,ทต.บ้านใหม่,2561,ตำบล,ระดับพื้นที่,ระดับดีเยี่ยม,ทต.
ภาคเหนือ,สสภ.03 (พิษณุโลก),พิษณุโลก,ทต.วังทอง,2561,ตำบล,ระดับพื้นที่,ระดับดีเยี่ยม,ทต.
ภาคเหนือ,สสภ.03 (พิษณุโลก),เพชรบูรณ์,ทต.ชนแดน,2561,ตำบล,ระดับพื้นที่,ระดับดีเยี่ยม,ทต.
ภาคเหนือ,สสภ.03 (พิษณุโลก),เพชรบูรณ์,ทต.พุเตย,2561,ตำบล,ระดับพื้นที่,ระดับดีเยี่ยม,ทต.
ภาคเหนือ,สสภ.03 (พิษณุโลก),เพชรบูรณ์,ทต.หล่มเก่า,2561,ตำบล,ระดับพื้นที่,ระดับดีเยี่ยม,ทต.
ภาคเหนือ,สสภ.03 (พิษณุโลก),สุโขทัย,ทต.หาดเสี้ยว,2561,ตำบล,ระดับพื้นที่,ระดับดีเยี่ยม,ทต.
ภาคเหนือ,สสภ.03 (พิษณุโลก),อุตรดิตถ์,ทต.หาดกรวด,2561,ตำบล,ระดับพื้นที่,ระดับดีเยี่ยม,ทต.
ภาคเหนือ,สสภ.03 (พิษณุโลก),ตาก,ทต.หนองบัวใต้,2562,ตำบล,ระดับประเทศ,รางวัลชมเชย (ทบ.),ทต.
ภาคเหนือ,สสภ.03 (พิษณุโลก),เพชรบูรณ์,ทต.ซับสมอทอด,2562,ตำบล,ระดับพื้นที่,ระดับดีเยี่ยม,ทต.
ภาคเหนือ,สสภ.03 (พิษณุโลก),เพชรบูรณ์,ทต.ดงขุย,2562,ตำบล,ระดับพื้นที่,ระดับดีมาก,ทต.
ภาคเหนือ,สสภ.03 (พิษณุโลก),เพชรบูรณ์,ทต.หล่มเก่า,2562,ตำบล,ระดับประเทศ,รางวัลรองชนะเลิศ อันดับ 2 (ทบ.),ทต.
ภาคเหนือ,สสภ.03 (พิษณุโลก),สุโขทัย,ทต.เขาแก้วศรีสมบูรณ์,2562,ตำบล,ระดับพื้นที่,ระดับดีเยี่ยม,ทต.
ภาคเหนือ,สสภ.03 (พิษณุโลก),สุโขทัย,ทต.ในเมือง,2562,ตำบล,ระดับพื้นที่,ระดับดีมาก,ทต.
ภาคเหนือ,สสภ.03 (พิษณุโลก),สุโขทัย,ทต.ลานหอย,2562,ตำบล,ระดับพื้นที่,ระดับดีมาก,ทต.
ภาคเหนือ,สสภ.03 (พิษณุโลก),สุโขทัย,ทต.ศรีสำโรง,2562,ตำบล,ระดับพื้นที่,ระดับดีมาก,ทต.
ภาคเหนือ,สสภ.03 (พิษณุโลก),อุตรดิตถ์,ทต.จริม,2562,ตำบล,ระดับพื้นที่,ระดับดีมาก,ทต.
ภาคเหนือ,สสภ.03 (พิษณุโลก),อุตรดิตถ์,ทต.ท่าปลา,2562,ตำบล,ระดับพื้นที่,ระดับดีมาก,ทต.
ภาคเหนือ,สสภ.03 (พิษณุโลก),อุตรดิตถ์,ทต.ศรีพนมมาศ,2562,ตำบล,ระดับพื้นที่,ระดับดีเยี่ยม,ทต.
ภาคเหนือ,สสภ.03 (พิษณุโลก),อุตรดิตถ์,ทต.หัวดง,2562,ตำบล,ระดับพื้นที่,ระดับดีมาก,ทต.
ภาคเหนือ,สสภ.03 (พิษณุโลก),อุตรดิตถ์,ทต.หาดกรวด,2562,ตำบล,ระดับประเทศ,รางวัลรองชนะเลิศ อันดับ 3 (ทบ.),ทต.
ภาคเหนือ,สสภ.03 (พิษณุโลก),เพชรบูรณ์,ทต.ซับสมอทอด,2563,ตำบล,ระดับประเทศ,รางวัลรองชนะเลิศ อันดับ 2 (ทบ.),ทต.
ภาคเหนือ,สสภ.03 (พิษณุโลก),สุโขทัย,ทต.เขาแก้วศรีสมบูรณ์,2563,ตำบล,ระดับประเทศ,รางวัลรองชนะเลิศ อันดับ 1 (ทบ.),ทต.
ภาคเหนือ,สสภ.03 (พิษณุโลก),อุตรดิตถ์,ทต.ศรีพนมมาศ,2563,ตำบล,ระดับประเทศ,รางวัลรองชนะเลิศ อันดับ 1 (ทบ.),ทต.
ภาคเหนือ,สสภ.03 (พิษณุโลก),พิษณุโลก,ทน.พิษณุโลก,2547,นคร,ระดับประเทศ,ดีเด่นระดับประเทศ,ทน.
ภาคเหนือ,สสภ.03 (พิษณุโลก),พิษณุโลก,ทน.พิษณุโลก,2552,ใหญ่,ระดับประเทศ,รางวัลรองชนะเลิศ อันดับ 2 (ทบ.),ทน.
ภาคเหนือ,สสภ.03 (พิษณุโลก),พิษณุโลก,ทน.พิษณุโลก,2555,ใหญ่,ระดับประเทศ,รางวัลชมเชย (ทบ.),ทน.
ภาคเหนือ,สสภ.03 (พิษณุโลก),พิษณุโลก,ทน.พิษณุโลก,2559,ใหญ่,ระดับประเทศ,รางวัลรองชนะเลิศ อันดับ 2 (ทบ.),ทน.
ภาคเหนือ,สสภ.03 (พิษณุโลก),อุตรดิตถ์,ทม.อุตรดิตถ์,2561,กลาง,ระดับพื้นที่,ระดับดีเยี่ยม,ทม.
ภาคเหนือ,สสภ.03 (พิษณุโลก),เพชรบูรณ์,ทม.วิเชียรบุรี,2562,กลาง,ระดับพื้นที่,ระดับดีเยี่ยม,ทม.
ภาคเหนือ,สสภ.03 (พิษณุโลก),สุโขทัย,ทม.ศรีสัชนาลัย,2562,เมือง,ระดับพื้นที่,ระดับดีเยี่ยม,ทม.
ภาคเหนือ,สสภ.03 (พิษณุโลก),สุโขทัย,ทม.สวรรคโลก,2562,เมือง,ระดับพื้นที่,ระดับดีเยี่ยม,ทม.
ภาคเหนือ,สสภ.03 (พิษณุโลก),อุตรดิตถ์,ทม.อุตรดิตถ์,2562,เมือง,ระดับประเทศ,รางวัลรองชนะเลิศ อันดับ 1 (ทบ.),ทม.
ภาคเหนือ,สสภ.03 (พิษณุโลก),เพชรบูรณ์,ทม.วิเชียรบุรี,2563,เมือง,ระดับประเทศ,รางวัลชมเชย (ทบ.),ทม.
ภาคเหนือ,สสภ.03 (พิษณุโลก),สุโขทัย,ทม.ศรีสัชนาลัย,2563,เมือง,ระดับประเทศ,รางวัลความมุ่งมั่นในการพัฒนาเมืองสู่ความน่าอยู่อย่างยั่งยืน,ทม.
ภาคเหนือ,สสภ.03 (พิษณุโลก),สุโขทัย,ทม.สวรรคโลก,2563,เมือง,ระดับประเทศ,รางวัลความมุ่งมั่นในการพัฒนาเมืองสู่ความน่าอยู่อย่างยั่งยืน,ทม.
ภาคเหนือ,สสภ.03 (พิษณุโลก),ตาก,ทต.ไม้งาม,2562,ตำบล,ระดับประเทศ,รางวัลชมเชย (ทบ.),ทต.
ภาคเหนือ,สสภ.03 (พิษณุโลก),พิษณุโลก,ทต.บางกระทุ่ม,2562,ตำบล,ระดับประเทศ,รางวัลชมเชย (ทบ.),ทต.
ภาคเหนือ,สสภ.03 (พิษณุโลก),พิษณุโลก,ทต.บ้านคลอง,2562,ตำบล,ระดับประเทศ,รางวัลรองชนะเลิศ อันดับ 3 (ทบ.),ทต.
ภาคเหนือ,สสภ.03 (พิษณุโลก),พิษณุโลก,ทต.บ้านใหม่,2562,ตำบล,ระดับประเทศ,รางวัลชมเชย (ทบ.),ทต.
ภาคเหนือ,สสภ.03 (พิษณุโลก),พิษณุโลก,ทต.วังทอง,2562,ตำบล,ระดับประเทศ,รางวัลชมเชย (ทบ.),ทต.
ภาคเหนือ,สสภ.03 (พิษณุโลก),เพชรบูรณ์,ทต.ชนแดน,2562,ตำบล,ระดับประเทศ,รางวัลรองชนะเลิศ อันดับ 2 (ทบ.),ทต.
ภาคเหนือ,สสภ.03 (พิษณุโลก),เพชรบูรณ์,ทต.พุเตย,2562,ตำบล,ระดับประเทศ,รางวัลรองชนะเลิศ อันดับ 2 (ทบ.),ทต.
ภาคเหนือ,สสภ.04 (นครสวรรค์),อุทัยธานี,ทต.เขาบางแกรก,2550,เล็ก,ระดับประเทศ,รางวัลชมเชย (ทบ.),ทต.
ภาคเหนือ,สสภ.04 (นครสวรรค์),กำแพงเพชร,ทต.ลานกระบือ,2555,กลาง,ระดับประเทศ,รางวัลรองชนะเลิศ อันดับ 2 (ทบ.),ทต.
ภาคเหนือ,สสภ.04 (นครสวรรค์),กำแพงเพชร,ทต.ช่องลม,2561,ตำบล,ระดับพื้นที่,ระดับดีเยี่ยม,ทต.
ภาคเหนือ,สสภ.04 (นครสวรรค์),กำแพงเพชร,ทต.ไทรงาม,2561,ตำบล,ระดับพื้นที่,ระดับดีมาก,ทต.
ภาคเหนือ,สสภ.04 (นครสวรรค์),พิจิตร,ทต.วังกรด,2561,ตำบล,ระดับพื้นที่,ระดับดีเยี่ยม,ทต.
ภาคเหนือ,สสภ.04 (นครสวรรค์),อุทัยธานี,ทต.ลานสัก,2561,ตำบล,ระดับพื้นที่,ระดับดีมาก,ทต.
ภาคเหนือ,สสภ.04 (นครสวรรค์),กำแพงเพชร,ทต.สลกบาตร,2562,ตำบล,ระดับพื้นที่,ระดับดี,ทต.
ภาคเหนือ,สสภ.04 (นครสวรรค์),พิจิตร,ทต.บางคลาน,2562,ตำบล,ระดับพื้นที่,ระดับดีมาก,ทต.
ภาคเหนือ,สสภ.04 (นครสวรรค์),พิจิตร,ทต.บางไผ่,2562,ตำบล,ระดับพื้นที่,ระดับดีมาก,ทต.
ภาคเหนือ,สสภ.04 (นครสวรรค์),อุทัยธานี,ทต.ลานสัก,2562,ตำบล,ระดับพื้นที่,ระดับดีมาก,ทต.
ภาคเหนือ,สสภ.04 (นครสวรรค์),นครสวรรค์,ทน.นครสวรรค์,2561,นคร,ระดับพื้นที่,ระดับดีเยี่ยม,ทน.
ภาคเหนือ,สสภ.04 (นครสวรรค์),นครสวรรค์,ทน.นครสวรรค์,2562,นคร,ระดับประเทศ,รางวัลชนะเลิศ ทบ.ด้าน สวล. ยั่งยืนยอดเยี่ยมระดับประเทศ,ทน.
ภาคเหนือ,สสภ.04 (นครสวรรค์),นครสวรรค์,ทน.นครสวรรค์,2562,นคร,ระดับประเทศ,รางวัลรองชนะเลิศ อันดับ 1 (ทบ.),ทน.
ภาคเหนือ,สสภ.04 (นครสวรรค์),พิจิตร,ทม.พิจิตร,2547,เมือง,ระดับประเทศ,ยอดเยี่ยมระดับประเทศ,ทม.
ภาคเหนือ,สสภ.04 (นครสวรรค์),เพชรบูรณ์,ทม.หล่มสัก,2547,เมือง,ระดับประเทศ,ดีเด่นระดับประเทศ,ทม.
ภาคเหนือ,สสภ.04 (นครสวรรค์),นครสวรรค์,ทม.ตาคลี,2552,กลาง,ระดับประเทศ,รางวัลรองชนะเลิศ อันดับ 3 (ทบ.),ทม.
ภาคเหนือ,สสภ.04 (นครสวรรค์),พิจิตร,ทม.พิจิตร,2552,กลาง,ระดับประเทศ,รางวัลชมเชย (ทบ.),ทม.
ภาคเหนือ,สสภ.04 (นครสวรรค์),นครสวรรค์,ทม.ตาคลี,2555,กลาง,ระดับประเทศ,รางวัลรองชนะเลิศ อันดับ 3 (ทบ.),ทม.
ภาคเหนือ,สสภ.04 (นครสวรรค์),พิจิตร,ทม.พิจิตร,2555,กลาง,ระดับประเทศ,รางวัลชนะเลิศ ด้านสิ่งแวดล้อม“เมืองสวยน้ำใสไร้มลพิษเพียงกินอยู่รู้คิดเป็นมิตรกับสิ่งแวดล้อม”,ทม.
ภาคเหนือ,สสภ.04 (นครสวรรค์),พิจิตร,ทม.พิจิตร,2555,กลาง,ระดับประเทศ,รางวัลรองชนะเลิศ อันดับ 1 (ทบ.),ทม.
ภาคเหนือ,สสภ.04 (นครสวรรค์),กำแพงเพชร,ทม.กำแพงเพชร,2559,ใหญ่,ระดับประเทศ,รางวัลชมเชย (ทบ.),ทม.
ภาคเหนือ,สสภ.04 (นครสวรรค์),นครสวรรค์,ทม.ตาคลี,2559,กลาง,ระดับประเทศ,รางวัลชนะเลิศ ทบ.ด้าน สวล. ยั่งยืนยอดเยี่ยมระดับประเทศ,ทม.
ภาคเหนือ,สสภ.04 (นครสวรรค์),นครสวรรค์,ทม.ตาคลี,2559,กลาง,ระดับประเทศ,รางวัลรองชนะเลิศ อันดับ 1 (ทบ.),ทม.
ภาคเหนือ,สสภ.04 (นครสวรรค์),พิจิตร,ทม.พิจิตร,2562,เมือง,ระดับพื้นที่,ระดับดีเยี่ยม,ทม.
ภาคเหนือ,สสภ.04 (นครสวรรค์),กำแพงเพชร,ทต.ช่องลม,2562,ตำบล,ระดับประเทศ,รางวัลรองชนะเลิศ อันดับ 2 (ทบ.),ทต.
ภาคเหนือ,สสภ.04 (นครสวรรค์),พิจิตร,ทต.วังกรด,2562,ตำบล,ระดับประเทศ,รางวัลชมเชย (ทบ.),ทต.
ภาคกลางและภาคตะวันออก,สสภ.05 (นครปฐม),ชัยนาท,ทต.สรรพยา,2550,เล็ก,ระดับประเทศ,รางวัลชมเชย (ทบ.),ทต.
ภาคกลางและภาคตะวันออก,สสภ.05 (นครปฐม),นครปฐม,ทต.บางเลน,2555,กลาง,ระดับประเทศ,รางวัลรองชนะเลิศ อันดับ 3 (ทบ.),ทต.
ภาคกลางและภาคตะวันออก,สสภ.05 (นครปฐม),ชัยนาท,ทต.สรรพยา,2561,ตำบล,ระดับพื้นที่,ระดับดีเยี่ยม,ทต.
ภาคกลางและภาคตะวันออก,สสภ.05 (นครปฐม),นครปฐม,ทต.บางเลน,2562,ตำบล,ระดับพื้นที่,ระดับดีมาก,ทต.
ภาคกลางและภาคตะวันออก,สสภ.05 (นครปฐม),สุพรรณบุรี,ทต.ไผ่หินกอง,2562,ตำบล,ระดับพื้นที่,ระดับดีมาก,ทต.
ภาคกลางและภาคตะวันออก,สสภ.05 (นครปฐม),สมุทรสาคร,ทน.สมุทรสาคร,2550,ใหญ่,ระดับประเทศ,รางวัลความมุ่งมั่นในการพัฒนาเมืองสู่ความน่าอยู่อย่างยั่งยืน,ทน.
ภาคกลางและภาคตะวันออก,สสภ.05 (นครปฐม),นครปฐม,ทน.นครปฐม,2555,ใหญ่,ระดับประเทศ,รางวัลชมเชย (ทบ.),ทน.
ภาคกลางและภาคตะวันออก,สสภ.05 (นครปฐม),นครปฐม,ทม.ธรรมศาลา,2547,ตำบล,ระดับประเทศ,ดีเด่นระดับประเทศ,ทม.
ภาคกลางและภาคตะวันออก,สสภ.05 (นครปฐม),แพร่,ทม.แพร่,2550,กลาง,ระดับประเทศ,รางวัลรองชนะเลิศ อันดับ 2 (ทบ.),ทม.
ภาคกลางและภาคตะวันออก,สสภ.05 (นครปฐม),นครปฐม,ทม.ธรรมศาลา,2561,เมือง,ระดับพื้นที่,ระดับดีเยี่ยม,ทม.
ภาคกลางและภาคตะวันออก,สสภ.05 (นครปฐม),นครปฐม,ทม.ไร่ขิง,2561,เมือง,ระดับพื้นที่,ระดับดีเยี่ยม,ทม.
ภาคกลางและภาคตะวันออก,สสภ.05 (นครปฐม),นครปฐม,ทม.ไร่ขิง,2562,เมือง,ระดับประเทศ,รางวัลรองชนะเลิศ อันดับ 2 (ทบ.),ทม.
ภาคกลางและภาคตะวันออก,สสภ.05 (นครปฐม),ชัยนาท,ทต.สรรพยา,2562,ตำบล,ระดับประเทศ,รางวัลชมเชย (ทบ.),ทต.
ภาคกลางและภาคตะวันออก,สสภ.06 (นนทบุรี),อ่างทอง,ทต.รำมะสัก,2552,เล็ก,ระดับประเทศ,รางวัลชมเชย (ทบ.),ทต.
ภาคกลางและภาคตะวันออก,สสภ.06 (นนทบุรี),พระนครศรีอยุธยา,ทต.บ้านสร้าง,2555,กลาง,ระดับประเทศ,รางวัลชมเชย (ทบ.),ทต.
ภาคกลางและภาคตะวันออก,สสภ.06 (นนทบุรี),พระนครศรีอยุธยา,ทต.บ้านสร้าง,2559,เล็ก,ระดับประเทศ,รางวัลชมเชย (ทบ.),ทต.
ภาคกลางและภาคตะวันออก,สสภ.06 (นนทบุรี),นนทบุรี,ทต.บางพลับ,2561,ตำบล,ระดับพื้นที่,ระดับดีมาก,ทต.
ภาคกลางและภาคตะวันออก,สสภ.06 (นนทบุรี),ปทุมธานี,ทต.บางเดื่อ,2561,เล็ก,ระดับพื้นที่,ระดับดีเยี่ยม,ทต.
ภาคกลางและภาคตะวันออก,สสภ.06 (นนทบุรี),พระนครศรีอยุธยา,ทต.เชียงรากน้อย,2561,ตำบล,ระดับพื้นที่,ระดับดีมาก,ทต.
ภาคกลางและภาคตะวันออก,สสภ.06 (นนทบุรี),อ่างทอง,ทต.โพสะ,2561,ตำบล,ระดับพื้นที่,ระดับดีเยี่ยม,ทต.
ภาคกลางและภาคตะวันออก,สสภ.06 (นนทบุรี),พระนครศรีอยุธยา,ทต.หัวเวียง,2562,ตำบล,ระดับพื้นที่,ระดับดีเยี่ยม,ทต.
ภาคกลางและภาคตะวันออก,สสภ.06 (นนทบุรี),สิงห์บุรี,ทต.ทับยา,2562,ตำบล,ระดับพื้นที่,ระดับดีมาก,ทต.
ภาคกลางและภาคตะวันออก,สสภ.06 (นนทบุรี),อ่างทอง,ทต.โคกพุทรา,2562,ตำบล,ระดับพื้นที่,ระดับดี,ทต.
ภาคกลางและภาคตะวันออก,สสภ.06 (นนทบุรี),อ่างทอง,ทต.ทางพระ,2562,ตำบล,ระดับพื้นที่,ระดับดีเยี่ยม,ทต.
ภาคกลางและภาคตะวันออก,สสภ.06 (นนทบุรี),พระนครศรีอยุธยา,ทต.หัวเวียง,2563,ตำบล,ระดับประเทศ,รางวัลรองชนะเลิศ อันดับ 1 (ทบ.),ทต.
ภาคกลางและภาคตะวันออก,สสภ.06 (นนทบุรี),พระนครศรีอยุธยา,ทต.หัวเวียง,2563,ตำบล,ระดับประเทศ,รางวัลรองชนะเลิศ อันดับ 2 (สวล.),ทต.
ภาคกลางและภาคตะวันออก,สสภ.06 (นนทบุรี),นนทบุรี,ทน.นนทบุรี,2550,ใหญ่,ระดับประเทศ,รางวัลความมุ่งมั่นในการพัฒนาเมืองสู่ความน่าอยู่อย่างยั่งยืน,ทน.
ภาคกลางและภาคตะวันออก,สสภ.06 (นนทบุรี),นนทบุรี,ทน.นนทบุรี,2552,ใหญ่,ระดับประเทศ,รางวัลชมเชย (ทบ.),ทน.
ภาคกลางและภาคตะวันออก,สสภ.06 (นนทบุรี),นนทบุรี,ทน.ปากเกร็ด,2552,ใหญ่,ระดับประเทศ,รางวัลชมเชย (ทบ.),ทน.
ภาคกลางและภาคตะวันออก,สสภ.06 (นนทบุรี),นนทบุรี,ทน.นนทบุรี,2562,นคร,ระดับพื้นที่,ระดับดีเยี่ยม,ทน.
ภาคกลางและภาคตะวันออก,สสภ.06 (นนทบุรี),นนทบุรี,ทน.ปากเกร็ด,2562,นคร,ระดับพื้นที่,ระดับดีเยี่ยม,ทน.
ภาคกลางและภาคตะวันออก,สสภ.06 (นนทบุรี),นนทบุรี,ทน.นนทบุรี,2563,นคร,ระดับประเทศ,รางวัลรองชนะเลิศ อันดับ 1 (ทบ.),ทน.
ภาคกลางและภาคตะวันออก,สสภ.06 (นนทบุรี),นนทบุรี,ทน.ปากเกร็ด,2563,นคร,ระดับประเทศ,รางวัลรองชนะเลิศ อันดับ 1 (ทบ.),ทน.
ภาคกลางและภาคตะวันออก,สสภ.06 (นนทบุรี),ปทุมธานี,ทม.รังสิต,2550,ใหญ่,ระดับประเทศ,รางวัลความมุ่งมั่นในการพัฒนาเมืองสู่ความน่าอยู่อย่างยั่งยืน,ทม.
ภาคกลางและภาคตะวันออก,สสภ.06 (นนทบุรี),ปทุมธานี,ทม.สนั่นรักษ์,2550,เล็ก,ระดับประเทศ,รางวัลชมเชย (ทบ.),ทม.
ภาคกลางและภาคตะวันออก,สสภ.06 (นนทบุรี),ปทุมธานี,ทม.รังสิต,2552,ใหญ่,ระดับประเทศ,รางวัลชมเชย (ทบ.),ทม.
ภาคกลางและภาคตะวันออก,สสภ.06 (นนทบุรี),ปทุมธานี,ทม.รังสิต,2555,ใหญ่,ระดับประเทศ,รางวัลชมเชย (ทบ.),ทม.
ภาคกลางและภาคตะวันออก,สสภ.06 (นนทบุรี),ปทุมธานี,ทม.รังสิต,2559,ใหญ่,ระดับประเทศ,รางวัลชมเชย (ทบ.),ทม.
ภาคกลางและภาคตะวันออก,สสภ.06 (นนทบุรี),สิงห์บุรี,ทม.บางระจัน,2561,เมือง,ระดับพื้นที่,ระดับดีเยี่ยม,ทม.
ภาคกลางและภาคตะวันออก,สสภ.06 (นนทบุรี),ปทุมธานี,ทม.รังสิต,2562,นคร,ระดับพื้นที่,ระดับดีเยี่ยม,ทม.
ภาคกลางและภาคตะวันออก,สสภ.06 (นนทบุรี),ปทุมธานี,ทม.รังสิต,2563,นคร,ระดับประเทศ,รางวัลรองชนะเลิศ อันดับ 2 (ทบ.),ทม.
ภาคกลางและภาคตะวันออก,สสภ.06 (นนทบุรี),ปทุมธานี,ทต.บางเดื่อ,2562,ตำบล,ระดับประเทศ,รองชนะเลิศ อันดับ 1 (สวล.),ทต.
ภาคกลางและภาคตะวันออก,สสภ.06 (นนทบุรี),ปทุมธานี,ทต.บางเดื่อ,2562,ตำบล,ระดับประเทศ,รางวัลรองชนะเลิศ อันดับ 2 (ทบ.),ทต.
ภาคกลางและภาคตะวันออก,สสภ.07 (สระบุรี),ลพบุรี,ทต.เขาพระงาม,2555,กลาง,ระดับประเทศ,รางวัลรองชนะเลิศ อันดับ 2 (ทบ.),ทต.
ภาคกลางและภาคตะวันออก,สสภ.07 (สระบุรี),สระบุรี,ทต.หินกอง,2559,กลาง,ระดับประเทศ,รางวัลชมเชย (ทบ.),ทต.
ภาคกลางและภาคตะวันออก,สสภ.07 (สระบุรี),นครนายก,ทต.พิกุลออก,2561,ตำบล,ระดับพื้นที่,ระดับดี,ทต.
ภาคกลางและภาคตะวันออก,สสภ.07 (สระบุรี),ลพบุรี,ทต.เขาพระงาม,2561,ตำบล,ระดับพื้นที่,ระดับดีเยี่ยม,ทต.
ภาคกลางและภาคตะวันออก,สสภ.07 (สระบุรี),ลพบุรี,ทต.โพตลาดแก้ว,2561,ตำบล,ระดับพื้นที่,ระดับดีมาก,ทต.
ภาคกลางและภาคตะวันออก,สสภ.07 (สระบุรี),ลพบุรี,ทต.หนองม่วง,2561,ตำบล,ระดับพื้นที่,ระดับดี,ทต.
ภาคกลางและภาคตะวันออก,สสภ.07 (สระบุรี),สระบุรี,ทต.ธารเกษม,2561,ตำบล,ระดับพื้นที่,ระดับดี,ทต.
ภาคกลางและภาคตะวันออก,สสภ.07 (สระบุรี),สระบุรี,ทต.หน้าพระลาน,2561,ตำบล,ระดับพื้นที่,ระดับดี,ทต.
ภาคกลางและภาคตะวันออก,สสภ.07 (สระบุรี),สระบุรี,ทต.หินกอง,2561,ตำบล,ระดับพื้นที่,ระดับดีเยี่ยม,ทต.
ภาคกลางและภาคตะวันออก,สสภ.07 (สระบุรี),ปราจีนบุรี,ทต.กบินทร์,2562,ตำบล,ระดับพื้นที่,ระดับดีมาก,ทต.
ภาคกลางและภาคตะวันออก,สสภ.07 (สระบุรี),ปราจีนบุรี,ทต.บ้านนาปรือ,2562,ตำบล,ระดับพื้นที่,ระดับดีมาก,ทต.
ภาคกลางและภาคตะวันออก,สสภ.07 (สระบุรี),ลพบุรี,ทต.หนองม่วง,2562,ตำบล,ระดับพื้นที่,ระดับดีมาก,ทต.
ภาคกลางและภาคตะวันออก,สสภ.07 (สระบุรี),สระบุรี,ทต.หน้าพระลาน,2562,ตำบล,ระดับพื้นที่,ระดับดีมาก,ทต.
ภาคกลางและภาคตะวันออก,สสภ.07 (สระบุรี),สระบุรี,ทต.หินกอง,2562,ตำบล,ระดับประเทศ,รางวัลชมเชย (ทบ.),ทต.
ภาคกลางและภาคตะวันออก,สสภ.07 (สระบุรี),ลพบุรี,ทม.เขาสามยอด,2561,เมือง,ระดับพื้นที่,ระดับดีเยี่ยม,ทม.
ภาคกลางและภาคตะวันออก,สสภ.07 (สระบุรี),ลพบุรี,ทม.เขาสามยอด,2562,เมือง,ระดับประเทศ,รางวัลรองชนะเลิศ อันดับ 2 (ทบ.),ทม.
ภาคกลางและภาคตะวันออก,สสภ.07 (สระบุรี),สระแก้ว,ทม.วังน้ำเย็น,2562,ตำบล,ระดับพื้นที่,ระดับดีมาก,ทม.
ภาคกลางและภาคตะวันออก,สสภ.07 (สระบุรี),สระบุรี,ทม.ทับกวาง,2562,เมือง,ระดับพื้นที่,ระดับดี,ทม.
ภาคกลางและภาคตะวันออก,สสภ.08 (ราชบุรี),กาญจนบุรี,ทต.หนองขาว,2550,เล็ก,ระดับประเทศ,รางวัลรองชนะเลิศ อันดับ 2 (ทบ.),ทต.
ภาคกลางและภาคตะวันออก,สสภ.08 (ราชบุรี),เพชรบุรี,ทต.บางตะบูน,2550,กลาง,ระดับประเทศ,รางวัลชมเชย (ทบ.),ทต.
ภาคกลางและภาคตะวันออก,สสภ.08 (ราชบุรี),กาญจนบุรี,ทต.หนองขาว,2552,เล็ก,ระดับประเทศ,รางวัลรองชนะเลิศ อันดับ 3 (ทบ.),ทต.
ภาคกลางและภาคตะวันออก,สสภ.08 (ราชบุรี),ชลบุรี,ทต.บางพระ,2552,กลาง,ระดับประเทศ,รางวัลชมเชย (ทบ.),ทต.
ภาคกลางและภาคตะวันออก,สสภ.08 (ราชบุรี),กาญจนบุรี,ทต.หนองบัว,2555,เล็ก,ระดับประเทศ,รางวัลรองชนะเลิศ อันดับ 1 (ทบ.),ทต.
ภาคกลางและภาคตะวันออก,สสภ.08 (ราชบุรี),กาญจนบุรี,ทต.พระแท่น,2561,ตำบล,ระดับพื้นที่,ระดับดีมาก,ทต.
ภาคกลางและภาคตะวันออก,สสภ.08 (ราชบุรี),ราชบุรี,ทต.กรับใหญ่,2561,เล็ก,ระดับพื้นที่,ระดับดี,ทต.
ภาคกลางและภาคตะวันออก,สสภ.08 (ราชบุรี),ประจวบคีรีขันธ์,ทต.เขาน้อย,2562,ตำบล,ระดับพื้นที่,ระดับดีมาก,ทต.
ภาคกลางและภาคตะวันออก,สสภ.08 (ราชบุรี),ราชบุรี,ทต.กรับใหญ่,2562,ตำบล,ระดับพื้นที่,ระดับดีเยี่ยม,ทต.
ภาคกลางและภาคตะวันออก,สสภ.08 (ราชบุรี),สมุทรสงคราม,ทม.สมุทรสงคราม,2550,กลาง,ระดับประเทศ,รางวัลชมเชย (ทบ.),ทม.
ภาคกลางและภาคตะวันออก,สสภ.08 (ราชบุรี),สมุทรสงคราม,ทม.สมุทรสงคราม,2552,กลาง,ระดับประเทศ,รางวัลชมเชย (ทบ.),ทม.
ภาคกลางและภาคตะวันออก,สสภ.08 (ราชบุรี),ประจวบคีรีขันธ์,ทม.หัวหิน,2562,เมือง,ระดับพื้นที่,ระดับดีเยี่ยม,ทม.
ภาคกลางและภาคตะวันออก,สสภ.13 (ชลบุรี),สมุทรปราการ,ทม.ปู่เจ้าสมิงพราย,2562,เมือง,ระดับพื้นที่,ระดับดีเยี่ยม,ทม.
ภาคกลางและภาคตะวันออก,สสภ.08 (ราชบุรี),ประจวบคีรีขันธ์,ทม.หัวหิน,2563,เมือง,ระดับประเทศ,รางวัลรองชนะเลิศ อันดับ 1 (ทบ.),ทม.
ภาคตะวันออกเฉียงเหนือ,สสภ.09 (อุดรธานี),สกลนคร,ทต.พังโคน,2550,กลาง,ระดับประเทศ,รางวัลชมเชย (ทบ.),ทต.
ภาคตะวันออกเฉียงเหนือ,สสภ.09 (อุดรธานี),สกลนคร,ทต.อากาศอำนวย,2550,เล็ก,ระดับประเทศ,รางวัลรองชนะเลิศ อันดับ 3 (ทบ.),ทต.
ภาคตะวันออกเฉียงเหนือ,สสภ.09 (อุดรธานี),เลย,ทต.ด่านซ้าย,2552,เล็ก,ระดับประเทศ,รางวัลรองชนะเลิศ อันดับ 1 (ทบ.),ทต.
ภาคตะวันออกเฉียงเหนือ,สสภ.09 (อุดรธานี),เลย,ทต.ท่าลี่,2552,เล็ก,ระดับประเทศ,รางวัลชมเชย (ทบ.),ทต.
ภาคตะวันออกเฉียงเหนือ,สสภ.09 (อุดรธานี),นครพนม,ทต.เรณูนคร,2555,เล็ก,ระดับประเทศ,รางวัลชนะเลิศ ทบ.น่าอยู่ ยอดเยี่ยมระดับประเทศ,ทต.
ภาคตะวันออกเฉียงเหนือ,สสภ.09 (อุดรธานี),เลย,ทต.ด่านซ้าย,2555,เล็ก,ระดับประเทศ,รางวัลรองชนะเลิศ อันดับ 2 (ทบ.),ทต.
ภาคตะวันออกเฉียงเหนือ,สสภ.09 (อุดรธานี),อุดรธานี,ทต.ศรีธาตุ,2558,กลาง,ระดับประเทศ,รางวัลแห่งความมุ่งมั่นตั้งใจในการจัดการสิ่งแวดล้อมยั่งยืน,ทต.
ภาคตะวันออกเฉียงเหนือ,สสภ.09 (อุดรธานี),อุดรธานี,ทต.ศรีธาตุ,2559,กลาง,ระดับประเทศ,รางวัลชมเชย (ทบ.),ทต.
ภาคตะวันออกเฉียงเหนือ,สสภ.09 (อุดรธานี),บึงกาฬ,ทต.บึงโขงหลง,2561,ตำบล,ระดับพื้นที่,ระดับดีมาก,ทต.
ภาคตะวันออกเฉียงเหนือ,สสภ.09 (อุดรธานี),เลย,ทต.น้ำสวย,2561,ตำบล,ระดับพื้นที่,ระดับดี,ทต.
ภาคตะวันออกเฉียงเหนือ,สสภ.09 (อุดรธานี),สกลนคร,ทต.วานรนิวาส,2561,ตำบล,ระดับพื้นที่,ระดับดีเยี่ยม,ทต.
ภาคตะวันออกเฉียงเหนือ,สสภ.09 (อุดรธานี),หนองคาย,ทต.สังคม,2561,ตำบล,ระดับพื้นที่,ระดับดีมาก,ทต.
ภาคตะวันออกเฉียงเหนือ,สสภ.09 (อุดรธานี),หนองคาย,ทต.หาดคำ,2561,ตำบล,ระดับพื้นที่,ระดับดี,ทต.
ภาคตะวันออกเฉียงเหนือ,สสภ.09 (อุดรธานี),หนองคาย,ทต.หาดคำ,2562,ตำบล,ระดับพื้นที่,ระดับดีเยี่ยม,ทต.
ภาคตะวันออกเฉียงเหนือ,สสภ.09 (อุดรธานี),อุดรธานี,ทต.กุมภวาปี,2562,ตำบล,ระดับพื้นที่,ระดับดี,ทต.
ภาคตะวันออกเฉียงเหนือ,สสภ.09 (อุดรธานี),อุดรธานี,ทต.ศรีธาตุ,2562,ตำบล,ระดับพื้นที่,ระดับดีเยี่ยม,ทต.
ภาคตะวันออกเฉียงเหนือ,สสภ.09 (อุดรธานี),หนองคาย,ทต.หาดคำ,2563,ตำบล,ระดับประเทศ,รางวัลรองชนะเลิศ อันดับ 3 (ทบ.),ทต.
ภาคตะวันออกเฉียงเหนือ,สสภ.09 (อุดรธานี),อุดรธานี,ทต.ศรีธาตุ,2563,ตำบล,ระดับประเทศ,รางวัลรองชนะเลิศ อันดับ 1 (ทบ.),ทต.
ภาคตะวันออกเฉียงเหนือ,สสภ.09 (อุดรธานี),อุดรธานี,ทต.ศรีธาตุ,2563,ตำบล,ระดับประเทศ,รางวัลรองชนะเลิศ อันดับ 1 (สวล.),ทต.
ภาคตะวันออกเฉียงเหนือ,สสภ.09 (อุดรธานี),อุดรธานี,ทน.อุดรธานี,2547,เมือง,ระดับประเทศ,ดีเด่นระดับภาค,ทน.
ภาคตะวันออกเฉียงเหนือ,สสภ.09 (อุดรธานี),อุดรธานี,ทน.อุดรธานี,2550,ใหญ่,ระดับประเทศ,รางวัลรองชนะเลิศ อันดับ 1 (ทบ.),ทน.
ภาคตะวันออกเฉียงเหนือ,สสภ.09 (อุดรธานี),อุดรธานี,ทน.อุดรธานี,2555,ใหญ่,ระดับประเทศ,รางวัลรองชนะเลิศ อันดับ 2 (ทบ.),ทน.
ภาคตะวันออกเฉียงเหนือ,สสภ.09 (อุดรธานี),สกลนคร,ทน.สกลนคร,2558,ใหญ่,ระดับประเทศ,รางวัลรองชนะเลิศ อันดับ 2 (ทบ.),ทน.
ภาคตะวันออกเฉียงเหนือ,สสภ.09 (อุดรธานี),อุดรธานี,ทน.อุดรธานี,2559,ใหญ่,ระดับประเทศ,รางวัลชนะเลิศ เทศบาลน่าอยู่อย่างยั่งยืนยอดเยี่ยมระดับประเทศ,ทน.
ภาคตะวันออกเฉียงเหนือ,สสภ.09 (อุดรธานี),เลย,ทม.วังสะพุง,2552,กลาง,ระดับประเทศ,รางวัลรองชนะเลิศ อันดับ 3 (ทบ.),ทม.
ภาคตะวันออกเฉียงเหนือ,สสภ.09 (อุดรธานี),เลย,ทม.วังสะพุง,2555,กลาง,ระดับประเทศ,รางวัลรองชนะเลิศ อันดับ 1 (ทบ.),ทม.
ภาคตะวันออกเฉียงเหนือ,สสภ.09 (อุดรธานี),เลย,ทม.วังสะพุง,2558,กลาง,ระดับประเทศ,รางวัลรองชนะเลิศ อันดับ 1 (ทบ.),ทม.
ภาคตะวันออกเฉียงเหนือ,สสภ.09 (อุดรธานี),เลย,ทม.วังสะพุง,2559,กลาง,ระดับประเทศ,รางวัลรองชนะเลิศ อันดับ 3 (ทบ.),ทม.
ภาคตะวันออกเฉียงเหนือ,สสภ.09 (อุดรธานี),เลย,ทม.เลย,2561,เมือง,ระดับพื้นที่,ระดับดีเยี่ยม,ทม.
ภาคตะวันออกเฉียงเหนือ,สสภ.09 (อุดรธานี),นครศรีธรรมราช,ทม.ทุ่งสง,2562,เมือง,ระดับประเทศ,รางวัลรองชนะเลิศ อันดับ 1 (ทบ.),ทม.
ภาคตะวันออกเฉียงเหนือ,สสภ.09 (อุดรธานี),เลย,ทม.เลย,2562,เมือง,ระดับประเทศ,รางวัลรองชนะเลิศ อันดับ 2 (ทบ.),ทม.
ภาคตะวันออกเฉียงเหนือ,สสภ.09 (อุดรธานี),สกลนคร,ทต.วานรนิวาส,2562,ตำบล,ระดับประเทศ,รางวัลรองชนะเลิศ อันดับ 2 (ทบ.),ทต.
ภาคตะวันออกเฉียงเหนือ,สสภ.10 (ขอนแก่น),กาฬสินธุ์,ทต.ร่องคำ,2550,เล็ก,ระดับประเทศ,รางวัลรองชนะเลิศ อันดับ 1 (ทบ.),ทต.
ภาคตะวันออกเฉียงเหนือ,สสภ.10 (ขอนแก่น),ขอนแก่น,ทต.บ้านฝาง,2550,กลาง,ระดับประเทศ,รางวัลรองชนะเลิศ อันดับ 3 (ทบ.),ทต.
ภาคตะวันออกเฉียงเหนือ,สสภ.10 (ขอนแก่น),กาฬสินธุ์,ทต.ร่องคำ,2552,เล็ก,ระดับประเทศ,รางวัลชนะเลิศ ทบ.น่าอยู่ ยอดเยี่ยมระดับประเทศ,ทต.
ภาคตะวันออกเฉียงเหนือ,สสภ.10 (ขอนแก่น),ขอนแก่น,ทต.บ้านไผ่,2552,กลาง,ระดับประเทศ,รางวัลรองชนะเลิศ อันดับ 1 (ทบ.),ทต.
ภาคตะวันออกเฉียงเหนือ,สสภ.10 (ขอนแก่น),ขอนแก่น,ทต.หนองเรือ,2552,กลาง,ระดับประเทศ,รางวัลชมเชย (ทบ.),ทต.
ภาคตะวันออกเฉียงเหนือ,สสภ.10 (ขอนแก่น),กาฬสินธุ์,ทต.ภูปอ,2561,ตำบล,ระดับพื้นที่,ระดับดี,ทต.
ภาคตะวันออกเฉียงเหนือ,สสภ.10 (ขอนแก่น),กาฬสินธุ์,ทต.สมเด็จ,2561,ตำบล,ระดับพื้นที่,ระดับดี,ทต.
ภาคตะวันออกเฉียงเหนือ,สสภ.10 (ขอนแก่น),กาฬสินธุ์,ทต.หนองกรุงศรี,2561,ตำบล,ระดับพื้นที่,ระดับดี,ทต.
ภาคตะวันออกเฉียงเหนือ,สสภ.10 (ขอนแก่น),ขอนแก่น,ทต.ท่าพระ,2561,ตำบล,ระดับพื้นที่,ระดับดีมาก,ทต.
ภาคตะวันออกเฉียงเหนือ,สสภ.10 (ขอนแก่น),ขอนแก่น,ทต.บ้านแฮด,2561,ตำบล,ระดับพื้นที่,ระดับดีเยี่ยม,ทต.
ภาคตะวันออกเฉียงเหนือ,สสภ.10 (ขอนแก่น),ขอนแก่น,ทต.แวงใหญ่,2561,ตำบล,ระดับพื้นที่,ระดับดี,ทต.
ภาคตะวันออกเฉียงเหนือ,สสภ.10 (ขอนแก่น),มหาสารคาม,ทต.นาเชือก,2561,ตำบล,ระดับพื้นที่,ระดับดี,ทต.
ภาคตะวันออกเฉียงเหนือ,สสภ.10 (ขอนแก่น),ร้อยเอ็ด,ทต.เมืองสรวง,2561,ตำบล,ระดับพื้นที่,ระดับดีเยี่ยม,ทต.
ภาคตะวันออกเฉียงเหนือ,สสภ.10 (ขอนแก่น),ร้อยเอ็ด,ทต.หนองฮี,2561,ตำบล,ระดับพื้นที่,ระดับดี,ทต.
ภาคตะวันออกเฉียงเหนือ,สสภ.10 (ขอนแก่น),กาฬสินธุ์,ทต.ภูปอ,2562,ตำบล,ระดับพื้นที่,ระดับดี,ทต.
ภาคตะวันออกเฉียงเหนือ,สสภ.10 (ขอนแก่น),กาฬสินธุ์,ทต.สมเด็จ,2562,ตำบบล,ระดับพื้นที่,ระดับดีมาก,ทต.
ภาคตะวันออกเฉียงเหนือ,สสภ.10 (ขอนแก่น),กาฬสินธุ์,ทต.หนองกรุงศรี,2562,ตำบล,ระดับพื้นที่,ระดับดีมาก,ทต.
ภาคตะวันออกเฉียงเหนือ,สสภ.10 (ขอนแก่น),ขอนแก่น,ทต.ท่าพระ,2562,ตำบล,ระดับพื้นที่,ระดับดีมาก,ทต.
ภาคตะวันออกเฉียงเหนือ,สสภ.10 (ขอนแก่น),มหาสารคาม,ทต.นาเชือก,2562,ตำบล,ระดับพื้นที่,ระดับดีเยี่ยม,ทต.
ภาคตะวันออกเฉียงเหนือ,สสภ.10 (ขอนแก่น),ร้อยเอ็ด,ทต.ชัยวารี,2562,ตำบล,ระดับพื้นที่,ระดับดีเยี่ยม,ทต.
ภาคตะวันออกเฉียงเหนือ,สสภ.10 (ขอนแก่น),ร้อยเอ็ด,ทต.ดงแดง,2562,ตำบล,ระดับพื้นที่,ระดับดี,ทต.
ภาคตะวันออกเฉียงเหนือ,สสภ.10 (ขอนแก่น),หนองบัวลำภู,ทต.เก่ากลอย,2562,ตำบล,ระดับพื้นที่,ระดับดีมาก,ทต.
ภาคตะวันออกเฉียงเหนือ,สสภ.10 (ขอนแก่น),หนองบัวลำภู,ทต.หัวนา,2562,ตำบล,ระดับพื้นที่,ระดับดี,ทต.
ภาคตะวันออกเฉียงเหนือ,สสภ.10 (ขอนแก่น),มหาสารคาม,ทต.นาเชือก,2563,ตำบล,ระดับประเทศ,รางวัลรองชนะเลิศ อันดับ 1 (ทบ.),ทต.
ภาคตะวันออกเฉียงเหนือ,สสภ.10 (ขอนแก่น),มหาสารคาม,ทต.นาเชือก,2563,ตำบล,ระดับประเทศ,รางวัลรองชนะเลิศ อันดับ 2 (สวล.),ทต.
ภาคตะวันออกเฉียงเหนือ,สสภ.10 (ขอนแก่น),ร้อยเอ็ด,ทต.ชัยวารี,2563,ตำบล,ระดับประเทศ,รางวัลรองชนะเลิศ อันดับ 1 (ทบ.),ทต.
ภาคตะวันออกเฉียงเหนือ,สสภ.10 (ขอนแก่น),ขอนแก่น,ทน.ขอนแก่น,2547,นคร,ระดับประเทศ,ดีเด่นระดับภาค,ทน.
ภาคตะวันออกเฉียงเหนือ,สสภ.10 (ขอนแก่น),ขอนแก่น,ทน.ขอนแก่น,2550,ใหญ่,ระดับประเทศ,รางวัลชมเชย (ทบ.),ทน.
ภาคตะวันออกเฉียงเหนือ,สสภ.10 (ขอนแก่น),ขอนแก่น,ทน.ขอนแก่น,2552,ใหญ่,ระดับประเทศ,รางวัลรองชนะเลิศ อันดับ 3 (ทบ.),ทน.
ภาคตะวันออกเฉียงเหนือ,สสภ.10 (ขอนแก่น),ขอนแก่น,ทน.ขอนแก่น,2555,ใหญ่,ระดับประเทศ,รางวัลรองชนะเลิศ อันดับ 3 (ทบ.),ทน.
ภาคตะวันออกเฉียงเหนือ,สสภ.10 (ขอนแก่น),ขอนแก่น,ทน.ขอนแก่น,2558,ใหญ่,ระดับประเทศ,รางวัลรองชนะเลิศ อันดับ 3 (ทบ.),ทน.
ภาคตะวันออกเฉียงเหนือ,สสภ.10 (ขอนแก่น),กาฬสินธุ์,ทม.กาฬสินธุ์,2559,ใหญ่,ระดับประเทศ,รางวัลรองชนะเลิศ อันดับ 1 (ทบ.),ทม.
ภาคตะวันออกเฉียงเหนือ,สสภ.10 (ขอนแก่น),กาฬสินธุ์,ทม.กาฬสินธุ์,2561,เมือง,ระดับพื้นที่,ระดับดีเยี่ยม,ทม.
ภาคตะวันออกเฉียงเหนือ,สสภ.10 (ขอนแก่น),มหาสารคาม,ทม.มหาสารคาม,2561,เมือง,ระดับพื้นที่,ระดับดีมาก,ทม.
ภาคตะวันออกเฉียงเหนือ,สสภ.10 (ขอนแก่น),ร้อยเอ็ด,ทม.ร้อยเอ็ด,2561,เมือง,ระดับพื้นที่,ระดับดีเยี่ยม,ทม.
ภาคตะวันออกเฉียงเหนือ,สสภ.10 (ขอนแก่น),กาฬสินธุ์,ทม.กาฬสินธุ์,2562,เมือง,ระดับประเทศ,รางวัลชนะเลิศ ทบ.ด้าน สวล. น่าอยู่ยอดเยี่ยมระดับประเทศ,ทม.
ภาคตะวันออกเฉียงเหนือ,สสภ.10 (ขอนแก่น),กาฬสินธุ์,ทม.กาฬสินธุ์,2562,เมือง,ระดับประเทศ,รางวัลรองชนะเลิศ อันดับ 1 (ทบ.),ทม.
ภาคตะวันออกเฉียงเหนือ,สสภ.10 (ขอนแก่น),ขอนแก่น,ทม.เมืองพล,2562,เมือง,ระดับพื้นที่,ระดับดี,ทม.
ภาคตะวันออกเฉียงเหนือ,สสภ.10 (ขอนแก่น),ร้อยเอ็ด,ทม.ร้อยเอ็ด,2562,เมือง,ระดับประเทศ,รางวัลรองชนะเลิศ อันดับ 1 (ทบ.),ทม.
ภาคตะวันออกเฉียงเหนือ,สสภ.10 (ขอนแก่น),ขอนแก่น,ทต.บ้านแฮด,2562,ตำบล,ระดับประเทศ,รางวัลรองชนะเลิศ อันดับ 2 (ทบ.),ทต.
ภาคตะวันออกเฉียงเหนือ,สสภ.10 (ขอนแก่น),ร้อยเอ็ด,ทต.เมืองสรวง,2562,ตำบล,ระดับประเทศ,รางวัลรองชนะเลิศ อันดับ 3 (ทบ.),ทต.
ภาคตะวันออกเฉียงเหนือ,สสภ.11 (นครราชสีมา),สุรินทร์,ทต.สำโรงทาบ,2547,นคร,ระดับประเทศ,ดีเด่นระดับประเทศ,ทต.
ภาคตะวันออกเฉียงเหนือ,สสภ.11 (นครราชสีมา),สุรินทร์,ทต.สังขะ,2550,กลาง,ระดับประเทศ,รางวัลชมเชย (ทบ.),ทต.
ภาคตะวันออกเฉียงเหนือ,สสภ.11 (นครราชสีมา),นครราชสีมา,ทต.ประทาย,2552,กลาง,ระดับประเทศ,รางวัลชมเชย (ทบ.),ทต.
ภาคตะวันออกเฉียงเหนือ,สสภ.11 (นครราชสีมา),สุรินทร์,ทต.ท่าตูม,2552,เล็ก,ระดับประเทศ,รางวัลชมเชย (ทบ.),ทต.
ภาคตะวันออกเฉียงเหนือ,สสภ.11 (นครราชสีมา),บุรีรัมย์,ทต.หนองเต็ง,2555,เล็ก,ระดับประเทศ,รางวัลชนะเลิศ ด้านสิ่งแวดล้อม“เมืองสวยน้ำใสไร้มลพิษเพียงกินอยู่รู้คิดเป็นมิตรกับสิ่งแวดล้อม”,ทต.
ภาคตะวันออกเฉียงเหนือ,สสภ.11 (นครราชสีมา),บุรีรัมย์,ทต.หนองเต็ง,2555,เล็ก,ระดับประเทศ,รางวัลรองชนะเลิศ อันดับ 2 (ทบ.),ทต.
ภาคตะวันออกเฉียงเหนือ,สสภ.11 (นครราชสีมา),นครราชสีมา,ทต.กุดจิก,2558,กลาง,ระดับประเทศ,รางวัลรองชนะเลิศ อันดับ 2 (ทบ.),ทต.
ภาคตะวันออกเฉียงเหนือ,สสภ.11 (นครราชสีมา),บุรีรัมย์,ทต.โนนดินแดง,2558,เล็ก,ระดับประเทศ,รางวัลรองชนะเลิศ อันดับ 1 (ทบ.),ทต.
ภาคตะวันออกเฉียงเหนือ,สสภ.11 (นครราชสีมา),บุรีรัมย์,ทต.โนนดินแดง,2559,เล็ก,ระดับประเทศ,รางวัลรองชนะเลิศ อันดับ 3 (ทบ.),ทต.
ภาคตะวันออกเฉียงเหนือ,สสภ.11 (นครราชสีมา),ชัยภูมิ,ทต.คอนสวรรค์,2561,ตำบล,ระดับพื้นที่,ระดับดี,ทต.
ภาคตะวันออกเฉียงเหนือ,สสภ.11 (นครราชสีมา),ชัยภูมิ,ทต.บ้านเป้า,2561,ตำบล,ระดับพื้นที่,ระดับดี,ทต.
ภาคตะวันออกเฉียงเหนือ,สสภ.11 (นครราชสีมา),นครราชสีมา,ทต.กุดจิก,2561,ตำบล,ระดับพื้นที่,ระดับดี,ทต.
ภาคตะวันออกเฉียงเหนือ,สสภ.11 (นครราชสีมา),นครราชสีมา,ทต.หนองหัวฟาน,2561,ตำบล,ระดับพื้นที่,ระดับดี,ทต.
ภาคตะวันออกเฉียงเหนือ,สสภ.11 (นครราชสีมา),บุรีรัมย์,ทต.โนนดินแดง,2561,ตำบล,ระดับพื้นที่,ระดับดีเยี่ยม,ทต.
ภาคตะวันออกเฉียงเหนือ,สสภ.11 (นครราชสีมา),บุรีรัมย์,ทต.อิสาณ,2561,ตำบล,ระดับพื้นที่,ระดับดีมาก,ทต.
ภาคตะวันออกเฉียงเหนือ,สสภ.11 (นครราชสีมา),สุรินทร์,ทต.ศรีขรภูมิ,2561,ตำบล,ระดับพื้นที่,ระดับดี,ทต.
ภาคตะวันออกเฉียงเหนือ,สสภ.11 (นครราชสีมา),ชัยภูมิ,ทต.บ้านเป้า,2562,ตำบล,ระดับพื้นที่,ระดับดีมาก,ทต.
ภาคตะวันออกเฉียงเหนือ,สสภ.11 (นครราชสีมา),นครราชสีมา,ทต.วังหิน,2562,ตำบล,ระดับพื้นที่,ระดับดี,ทต.
ภาคตะวันออกเฉียงเหนือ,สสภ.11 (นครราชสีมา),นครราชสีมา,ทต.เสิงสาง,2562,ตำบล,ระดับพื้นที่,ระดับดีมาก,ทต.
ภาคตะวันออกเฉียงเหนือ,สสภ.11 (นครราชสีมา),นครราชสีมา,ทต.หนองหัวฟาน,2562,ตำบล,ระดับพื้นที่,ระดับดีมาก,ทต.
ภาคตะวันออกเฉียงเหนือ,สสภ.11 (นครราชสีมา),บุรีรัมย์,ทต.ประโคนชัย,2562,ตำบล,ระดับพื้นที่,ระดับดีมาก,ทต.
ภาคตะวันออกเฉียงเหนือ,สสภ.11 (นครราชสีมา),บุรีรัมย์,ทต.อิสาณ,2562,ตำบล,ระดับพื้นที่,ระดับดีเยี่ยม,ทต.
ภาคตะวันออกเฉียงเหนือ,สสภ.11 (นครราชสีมา),สุรินทร์,ทต.กันตวจระมวล,2562,ตำบล,ระดับพื้นที่,ระดับดีมาก,ทต.
ภาคตะวันออกเฉียงเหนือ,สสภ.11 (นครราชสีมา),สุรินทร์,ทต.เมืองแก,2562,ตำบล,ระดับพื้นที่,ระดับดี,ทต.
ภาคตะวันออกเฉียงเหนือ,สสภ.11 (นครราชสีมา),สุรินทร์,ทต.เมืองที,2562,ตำบล,ระดับพื้นที่,ระดับดี,ทต.
ภาคตะวันออกเฉียงเหนือ,สสภ.11 (นครราชสีมา),สุรินทร์,ทต.ศรีขรภูมิ,2562,ตำบล,ระดับพื้นที่,ระดับดีมาก,ทต.
ภาคตะวันออกเฉียงเหนือ,สสภ.11 (นครราชสีมา),บุรีรัมย์,ทต.อิสาณ,2563,ตำบล,ระดับประเทศ,รางวัลรองชนะเลิศ อันดับ 1 (ทบ.),ทต.
ภาคตะวันออกเฉียงเหนือ,สสภ.11 (นครราชสีมา),นครราชสีมา,ทน.นครราชสีมา,2547,นคร,ระดับประเทศ,ดีเด่นระดับภาค,ทน.
ภาคตะวันออกเฉียงเหนือ,สสภ.11 (นครราชสีมา),นครราชสีมา,ทน.นครราชสีมา,2555,ใหญ่,ระดับประเทศ,รางวัลชมเชย (ทบ.),ทน.
ภาคตะวันออกเฉียงเหนือ,สสภ.11 (นครราชสีมา),สุรินทร์,ทม.สุรินทร์,2547,เมือง,ระดับประเทศ,ดีเด่นระดับภาค,ทม.
ภาคตะวันออกเฉียงเหนือ,สสภ.11 (นครราชสีมา),นครราชสีมา,ทม.สีคิ้ว,2552,กลาง,ระดับประเทศ,รางวัลรองชนะเลิศ อันดับ 1 (ทบ.),ทม.
ภาคตะวันออกเฉียงเหนือ,สสภ.11 (นครราชสีมา),บุรีรัมย์,ทม.บุรีรัมย์,2552,กลาง,ระดับประเทศ,รางวัลรองชนะเลิศ อันดับ 3 (ทบ.),ทม.
ภาคตะวันออกเฉียงเหนือ,สสภ.11 (นครราชสีมา),นครราชสีมา,ทม.สีคิ้ว,2555,กลาง,ระดับประเทศ,รางวัลรองชนะเลิศ อันดับ 1 (ทบ.),ทม.
ภาคตะวันออกเฉียงเหนือ,สสภ.11 (นครราชสีมา),บุรีรัมย์,ทม.ชุมเห็ด,2558,กลาง,ระดับประเทศ,รางวัลแห่งความมุ่งมั่นตั้งใจในการจัดการสิ่งแวดล้อมยั่งยืน,ทม.
ภาคตะวันออกเฉียงเหนือ,สสภ.11 (นครราชสีมา),ชัยภูมิ,ทม.ชัยภูมิ,2562,เมือง,ระดับพื้นที่,ระดับดีเยี่ยม,ทม.
ภาคตะวันออกเฉียงเหนือ,สสภ.11 (นครราชสีมา),นครราชสีมา,ทม.สีคิ้ว,2562,เมือง,ระดับพื้นที่,ระดับดีเยี่ยม,ทม.
ภาคตะวันออกเฉียงเหนือ,สสภ.11 (นครราชสีมา),ชัยภูมิ,ทม.ชัยภูมิ,2563,เมือง,ระดับประเทศ,รางวัลชนะเลิศ ทบ.น่าอยู่ ยอดเยี่ยมระดับประเทศ,ทม.
ภาคตะวันออกเฉียงเหนือ,สสภ.11 (นครราชสีมา),นครราชสีมา,ทม.สีคิ้ว,2563,เมือง,ระดับประเทศ,รางวัลรองชนะเลิศ อันดับ 2 (ทบ.),ทม.
ภาคตะวันออกเฉียงเหนือ,สสภ.11 (นครราชสีมา),บุรีรัมย์,ทต.โนนดินแดง,2562,ตำบล,ระดับประเทศ,รางวัลรองชนะเลิศ อันดับ 1 (ทบ.),ทต.
ภาคตะวันออกเฉียงเหนือ,สสภ.12 (อุบลราชธานี),อำนาจเจริญ,ทต.พนา,2552,เล็ก,ระดับประเทศ,รางวัลรองชนะเลิศ อันดับ 2 (ทบ.),ทต.
ภาคตะวันออกเฉียงเหนือ,สสภ.12 (อุบลราชธานี),อุบลราชธานี,ทต.แสนสุข,2552,เล็ก,ระดับประเทศ,รางวัลชมเชย (ทบ.),ทต.
ภาคตะวันออกเฉียงเหนือ,สสภ.12 (อุบลราชธานี),อุบลราชธานี,ทต.แสนสุข,2555,เล็ก,ระดับประเทศ,รางวัลชมเชย (ทบ.),ทต.
ภาคตะวันออกเฉียงเหนือ,สสภ.12 (อุบลราชธานี),อุบลราชธานี,ทต.โพธิ์ไทร,2558,เล็ก,ระดับประเทศ,รางวัลรองชนะเลิศ อันดับ 1 (ทบ.),ทต.
ภาคตะวันออกเฉียงเหนือ,สสภ.12 (อุบลราชธานี),อุบลราชธานี,ทต.โพธิ์ไทร,2559,เล็ก,ระดับประเทศ,รางวัลชมเชย (ทบ.),ทต.
ภาคตะวันออกเฉียงเหนือ,สสภ.12 (อุบลราชธานี),อุบลราชธานี,ทต.แสนสุข,2559,กลาง,ระดับประเทศ,รางวัลรองชนะเลิศ อันดับ 3 (ทบ.),ทต.
ภาคตะวันออกเฉียงเหนือ,สสภ.12 (อุบลราชธานี),ยโสธร,ทต.กุดชุมพัฒนา,2561,ตำบล,ระดับพื้นที่,ระดับดีมาก,ทต.
ภาคตะวันออกเฉียงเหนือ,สสภ.12 (อุบลราชธานี),ศรีสะเกษ,ทต.เมืองจันทร์,2561,ตำบล,ระดับพื้นที่,ระดับดีมาก,ทต.
ภาคตะวันออกเฉียงเหนือ,สสภ.12 (อุบลราชธานี),ศรีสะเกษ,ทต.ส้มป่อย,2561,ตำบล,ระดับพื้นที่,ระดับดีเยี่ยม,ทต.
ภาคตะวันออกเฉียงเหนือ,สสภ.12 (อุบลราชธานี),อำนาจเจริญ,ทต.พนา,2561,ตำบล,ระดับพื้นที่,ระดับดีมาก,ทต.
ภาคตะวันออกเฉียงเหนือ,สสภ.12 (อุบลราชธานี),อุบลราชธานี,ทต.แสนสุข,2561,เล็ก,ระดับพื้นที่,ระดับดีเยี่ยม,ทต.
ภาคตะวันออกเฉียงเหนือ,สสภ.12 (อุบลราชธานี),ยโสธร,ทต.กุดชุมพัฒนา,2562,ตำบล,ระดับพื้นที่,ระดับดีเยี่ยม,ทต.
ภาคตะวันออกเฉียงเหนือ,สสภ.12 (อุบลราชธานี),ยโสธร,ทต.ตาดทอง,2562,ตำบล,ระดับพื้นที่,ระดับดีเยี่ยม,ทต.
ภาคตะวันออกเฉียงเหนือ,สสภ.12 (อุบลราชธานี),ศรีสะเกษ,ทต.ขุนหาญ,2562,ตำบล,ระดับพื้นที่,ระดับดีเยี่ยม,ทต.
ภาคตะวันออกเฉียงเหนือ,สสภ.12 (อุบลราชธานี),ศรีสะเกษ,ทต.เมืองจันทร์,2562,ตำบล,ระดับพื้นที่,ระดับดีมาก,ทต.
ภาคตะวันออกเฉียงเหนือ,สสภ.12 (อุบลราชธานี),อำนาจเจริญ,ทต.น้ำปลีก,2562,ตำบล,ระดับพื้นที่,ระดับดี,ทต.
ภาคตะวันออกเฉียงเหนือ,สสภ.12 (อุบลราชธานี),อุบลราชธานี,ทต.แสนสุข,2562,ตำบล,ระดับประเทศ,รางวัลรองชนะเลิศ อันดับ 3 (ทบ.),ทต.
ภาคตะวันออกเฉียงเหนือ,สสภ.12 (อุบลราชธานี),ยโสธร,ทต.กุดชุมพัฒนา,2563,ตำบล,ระดับประเทศ,รางวัลรองชนะเลิศ อันดับ 1 (ทบ.),ทต.
ภาคตะวันออกเฉียงเหนือ,สสภ.12 (อุบลราชธานี),ยโสธร,ทต.ตาดทอง,2563,ตำบล,ระดับประเทศ,รางวัลรองชนะเลิศ อันดับ 2 (ทบ.),ทต.
ภาคตะวันออกเฉียงเหนือ,สสภ.12 (อุบลราชธานี),ศรีสะเกษ,ทต.ขุนหาญ,2563,ตำบล,ระดับประเทศ,รางวัลรองชนะเลิศ อันดับ 1 (ทบ.),ทต.
ภาคตะวันออกเฉียงเหนือ,สสภ.12 (อุบลราชธานี),อุบลราชธานี,ทน.อุบลราชธานี,2555,ใหญ่,ระดับประเทศ,รางวัลชมเชย (ทบ.),ทน.
ภาคตะวันออกเฉียงเหนือ,สสภ.12 (อุบลราชธานี),อุบลราชธานี,ทน.อุบลราชธานี,2561,นคร,ระดับพื้นที่,ระดับดีเยี่ยม,ทน.
ภาคตะวันออกเฉียงเหนือ,สสภ.12 (อุบลราชธานี),อุบลราชธานี,ทน.อุบลราชธานี,2562,นคร,ระดับประเทศ,รางวัลรองชนะเลิศ อันดับ 2 (ทบ.),ทน.
ภาคตะวันออกเฉียงเหนือ,สสภ.12 (อุบลราชธานี),ศรีสะเกษ,ทม.ศรีสะเกษ,2550,ใหญ่,ระดับประเทศ,รางวัลรองชนะเลิศ อันดับ 3 (ทบ.),ทม.
ภาคตะวันออกเฉียงเหนือ,สสภ.12 (อุบลราชธานี),ศรีสะเกษ,ทม.ศรีสะเกษ,2552,ใหญ่,ระดับประเทศ,รางวัลชมเชย (ทบ.),ทม.
ภาคตะวันออกเฉียงเหนือ,สสภ.12 (อุบลราชธานี),อุบลราชธานี,ทม.วารินชำราบ,2552,ใหญ่,ระดับประเทศ,รางวัลรองชนะเลิศ อันดับ 3 (ทบ.),ทม.
ภาคตะวันออกเฉียงเหนือ,สสภ.12 (อุบลราชธานี),ศรีสะเกษ,ทม.ศรีสะเกษ,2558,ใหญ่,ระดับประเทศ,รางวัลรองชนะเลิศ อันดับ 2 (ทบ.),ทม.
ภาคตะวันออกเฉียงเหนือ,สสภ.12 (อุบลราชธานี),ยโสธร,ทม.ยโสธร,2561,เมือง,ระดับพื้นที่,ระดับดีเยี่ยม,ทม.
ภาคตะวันออกเฉียงเหนือ,สสภ.12 (อุบลราชธานี),ยโสธร,ทม.ยโสธร,2562,เมือง,ระดับประเทศ,รางวัลรองชนะเลิศ อันดับ 1 (ทบ.),ทม.
ภาคตะวันออกเฉียงเหนือ,สสภ.12 (อุบลราชธานี),ศรีสะเกษ,ทต.ส้มป่อย,2562,ตำบล,ระดับประเทศ,รางวัลรองชนะเลิศ อันดับ 2 (ทบ.),ทต.
ภาคกลางและภาคตะวันออก,สสภ.13 (ชลบุรี),ระยอง,ทต.เมืองแกลง,2547,ตำบล,ระดับประเทศ,ยอดเยี่ยมระดับประเทศ,ทต.
ภาคกลางและภาคตะวันออก,สสภ.13 (ชลบุรี),จันทบุรี,ทต.บางกะจะ,2550,เล็ก,ระดับประเทศ,รางวัลความมุ่งมั่นในการพัฒนาเมืองสู่ความน่าอยู่อย่างยั่งยืน,ทต.
ภาคกลางและภาคตะวันออก,สสภ.13 (ชลบุรี),ชลบุรี,ทต.บางพระ,2550,กลาง,ระดับประเทศ,รางวัลชมเชย (ทบ.),ทต.
ภาคกลางและภาคตะวันออก,สสภ.13 (ชลบุรี),ระยอง,ทต.เมืองแกลง,2550,กลาง,ระดับประเทศ,รางวัลรองชนะเลิศ อันดับ 2 (ทบ.),ทต.
ภาคกลางและภาคตะวันออก,สสภ.13 (ชลบุรี),สมุทรปราการ,ทต.แพรกษา,2552,กลาง,ระดับประเทศ,รางวัลชมเชย (ทบ.),ทต.
ภาคกลางและภาคตะวันออก,สสภ.13 (ชลบุรี),ชลบุรี,ทต.บางพระ,2555,กลาง,ระดับประเทศ,รางวัลรองชนะเลิศ อันดับ 3 (ทบ.),ทต.
ภาคกลางและภาคตะวันออก,สสภ.13 (ชลบุรี),จันทบุรี,ทต.ฉมัน,2559,เล็ก,ระดับประเทศ,รางวัลชนะเลิศ เทศบาลน่าอยู่อย่างยั่งยืนยอดเยี่ยมระดับประเทศ,ทต.
ภาคกลางและภาคตะวันออก,สสภ.13 (ชลบุรี),ชลบุรี,ทต.กุฎโง้ง,2559,กลาง,ระดับประเทศ,รางวัลชมเชย (ทบ.),ทต.
ภาคกลางและภาคตะวันออก,สสภ.13 (ชลบุรี),ชลบุรี,ทต.บางเสร่,2561,ตำบล,ระดับพื้นที่,ระดับดีมาก,ทต.
ภาคกลางและภาคตะวันออก,สสภ.13 (ชลบุรี),ตราด,ทต.ตะกาง,2561,ตำบล,ระดับพื้นที่,ระดับดีเยี่ยม,ทต.
ภาคกลางและภาคตะวันออก,สสภ.13 (ชลบุรี),ระยอง,ทต.ทับมา,2561,ตำบล,ระดับพื้นที่,ระดับดีมาก,ทต.
ภาคกลางและภาคตะวันออก,สสภ.13 (ชลบุรี),ฉะเชิงเทรา,ทต.พนมสารคาม,2562,ตำบล,ระดับพื้นที่,ระดับดีเยี่ยม,ทต.
ภาคกลางและภาคตะวันออก,สสภ.13 (ชลบุรี),ตราด,ทต.ชำราก,2562,ตำบล,ระดับพื้นที่,ระดับดีเยี่ยม,ทต.
ภาคกลางและภาคตะวันออก,สสภ.13 (ชลบุรี),ระยอง,ทต.ทับมา,2562,ตำบล,ระดับพื้นที่,ระดับดีเยี่ยม,ทต.
ภาคกลางและภาคตะวันออก,สสภ.13 (ชลบุรี),ระยอง,ทต.เนินพระ,2562,ตำบล,ระดับพื้นที่,ระดับดีมาก,ทต.
ภาคกลางและภาคตะวันออก,สสภ.13 (ชลบุรี),ระยอง,ทต.บ้านฉาง,2562,ตำบล,ระดับพื้นที่,ระดับดีเยี่ยม,ทต.
ภาคกลางและภาคตะวันออก,สสภ.13 (ชลบุรี),ฉะเชิงเทรา,ทต.พนมสารคาม,2563,ตำบล,ระดับประเทศ,รางวัลรองชนะเลิศ อันดับ 2 (ทบ.),ทต.
ภาคกลางและภาคตะวันออก,สสภ.13 (ชลบุรี),ระยอง,ทต.ทับมา,2563,ตำบล,ระดับประเทศ,รางวัลชนะเลิศ ทบ.ด้าน สวล. น่าอยู่ยอดเยี่ยมระดับประเทศ,ทต.
ภาคกลางและภาคตะวันออก,สสภ.13 (ชลบุรี),ระยอง,ทต.ทับมา,2563,ตำบล,ระดับประเทศ,รางวัลรองชนะเลิศ อันดับ 1 (ทบ.),ทต.
ภาคกลางและภาคตะวันออก,สสภ.13 (ชลบุรี),ระยอง,ทต.บ้านฉาง,2563,ตำบล,ระดับประเทศ,รางวัลรองชนะเลิศ อันดับ 1 (ทบ.),ทต.
ภาคกลางและภาคตะวันออก,สสภ.13 (ชลบุรี),ระยอง,ทต.บ้านฉาง,2563,ตำบล,ระดับประเทศ,รางวัลรองชนะเลิศ อันดับ 2 (สวล.),ทต.
ภาคกลางและภาคตะวันออก,สสภ.13 (ชลบุรี),ชลบุรี,ทน.แหลมฉบัง,2547,นคร,ระดับประเทศ,ดีเด่นระดับประเทศ,ทน.
ภาคกลางและภาคตะวันออก,สสภ.13 (ชลบุรี),ชลบุรี,ทน.แหลมฉบัง,2550,ใหญ่,ระดับประเทศ,รางวัลความมุ่งมั่นในการพัฒนาเมืองสู่ความน่าอยู่อย่างยั่งยืน,ทน.
ภาคกลางและภาคตะวันออก,สสภ.13 (ชลบุรี),ฉะเชิงเทรา,ทม.ฉะเชิงเทรา,2547,เมือง,ระดับประเทศ,ดีเด่นระดับประเทศ,ทม.
ภาคกลางและภาคตะวันออก,สสภ.13 (ชลบุรี),ชลบุรี,ทม.ชลบุรี,2550,ใหญ่,ระดับประเทศ,รางวัลความมุ่งมั่นในการพัฒนาเมืองสู่ความน่าอยู่อย่างยั่งยืน,ทม.
ภาคกลางและภาคตะวันออก,สสภ.13 (ชลบุรี),ชลบุรี,ทม.พนัสนิคม,2550,กลาง,ระดับประเทศ,รางวัลชมเชย (ทบ.),ทม.
ภาคกลางและภาคตะวันออก,สสภ.13 (ชลบุรี),ชลบุรี,ทม.ศรีราชา,2550,ใหญ่,ระดับประเทศ,รางวัลรองชนะเลิศ อันดับ 2 (ทบ.),ทม.
ภาคกลางและภาคตะวันออก,สสภ.13 (ชลบุรี),ชลบุรี,ทม.พนัสนิคม,2552,กลาง,ระดับประเทศ,รางวัลรองชนะเลิศ อันดับ 2 (ทบ.),ทม.
ภาคกลางและภาคตะวันออก,สสภ.13 (ชลบุรี),ชลบุรี,ทม.ศรีราชา,2552,ใหญ่,ระดับประเทศ,รางวัลรองชนะเลิศ อันดับ 1 (ทบ.),ทม.
ภาคกลางและภาคตะวันออก,สสภ.13 (ชลบุรี),สมุทรปราการ,ทม.ปู่เจ้าสมิงพราย,2552,ใหญ่,ระดับประเทศ,รางวัลชมเชย (ทบ.),ทม.
ภาคกลางและภาคตะวันออก,สสภ.13 (ชลบุรี),ชลบุรี,ทม.บ้านบึง,2555,กลาง,ระดับประเทศ,รางวัลชมเชย (ทบ.),ทม.
ภาคกลางและภาคตะวันออก,สสภ.13 (ชลบุรี),ชลบุรี,ทม.พนัสนิคม,2555,กลาง,ระดับประเทศ,รางวัลชนะเลิศ ทบ.น่าอยู่ ยอดเยี่ยมระดับประเทศ,ทม.
ภาคกลางและภาคตะวันออก,สสภ.13 (ชลบุรี),ชลบุรี,ทม.แสนสุข,2561,เมือง,ระดับพื้นที่,ระดับดีมาก,ทม.
ภาคกลางและภาคตะวันออก,สสภ.13 (ชลบุรี),ชลบุรี,ทม.แสนสุข,2562,เมือง,ระดับพื้นที่,ระดับดีเยี่ยม,ทม.
ภาคกลางและภาคตะวันออก,สสภ.13 (ชลบุรี),ชลบุรี,ทม.แสนสุข,2563,เมือง,ระดับประเทศ,รางวัลชนะเลิศ ทบ.ด้าน สวล. น่าอยู่ยอดเยี่ยมระดับประเทศ,ทม.
ภาคกลางและภาคตะวันออก,สสภ.13 (ชลบุรี),ชลบุรี,ทม.แสนสุข,2563,เมือง,ระดับประเทศ,รางวัลรองชนะเลิศ อันดับ 1 (ทบ.),ทม.
ภาคกลางและภาคตะวันออก,สสภ.13 (ชลบุรี),สมุทรปราการ,ทม.ปู่เจ้าสมิงพราย,2563,เมือง,ระดับประเทศ,รางวัลความมุ่งมั่นในการพัฒนาเมืองสู่ความน่าอยู่อย่างยั่งยืน,ทม.
ภาคกลางและภาคตะวันออก,สสภ.13 (ชลบุรี),ตราด,ทต.ตะกาง,2562,ตำบล,ระดับประเทศ,รางวัลรองชนะเลิศ อันดับ 3 (ทบ.),ทต.
ภาคใต้,สสภ.14 (สุราษฎร์ธานี),พัทลุง,ทต.ท่ามะเดื่อ,2550,เล็ก,ระดับประเทศ,รางวัลความมุ่งมั่นในการพัฒนาเมืองสู่ความน่าอยู่อย่างยั่งยืน,ทต.
ภาคใต้,สสภ.14 (สุราษฎร์ธานี),พัทลุง,ทต.มะกอกเหนือ,2550,เล็ก,ระดับประเทศ,รางวัลความมุ่งมั่นในการพัฒนาเมืองสู่ความน่าอยู่อย่างยั่งยืน,ทต.
ภาคใต้,สสภ.14 (สุราษฎร์ธานี),พัทลุง,ทต.ท่ามะเดื่อ,2552,เล็ก,ระดับประเทศ,รางวัลชมเชย (ทบ.),ทต.
ภาคใต้,สสภ.14 (สุราษฎร์ธานี),สุราษฎร์ธานี,ทต.พนม,2555,เล็ก,ระดับประเทศ,รางวัลชมเชย (ทบ.),ทต.
ภาคใต้,สสภ.14 (สุราษฎร์ธานี),ชุมพร,ทต.มาบอำมฤต,2558,กลาง,ระดับประเทศ,รางวัลแห่งความมุ่งมั่นตั้งใจในการจัดการสิ่งแวดล้อมยั่งยืน,ทต.
ภาคใต้,สสภ.14 (สุราษฎร์ธานี),พัทลุง,ทต.จองถนน,2558,เล็ก,ระดับประเทศ,รางวัลรองชนะเลิศ อันดับ 3 (ทบ.),ทต.
ภาคใต้,สสภ.14 (สุราษฎร์ธานี),นครศรีธรรมราช,ทต.ชะมาย,2559,เล็ก,ระดับประเทศ,รางวัลรองชนะเลิศ อันดับ 2 (ทบ.),ทต.
ภาคใต้,สสภ.14 (สุราษฎร์ธานี),พัทลุง,ทต.จองถนน,2559,เล็ก,ระดับประเทศ,รางวัลชมเชย (ทบ.),ทต.
ภาคใต้,สสภ.14 (สุราษฎร์ธานี),นครศรีธรรมราช,ทต.ชะมาย,2561,ตำบล,ระดับพื้นที่,ระดับดีเยี่ยม,ทต.
ภาคใต้,สสภ.14 (สุราษฎร์ธานี),พัทลุง,ทต.เขาชัยสน,2561,ตำบล,ระดับพื้นที่,ระดับดีมาก,ทต.
ภาคใต้,สสภ.14 (สุราษฎร์ธานี),พัทลุง,ทต.โคกม่วง,2561,ตำบล,ระดับพื้นที่,ระดับดีมาก,ทต.
ภาคใต้,สสภ.14 (สุราษฎร์ธานี),พัทลุง,ทต.ป่าบอน,2561,ตำบล,ระดับพื้นที่,ระดับดี,ทต.
ภาคใต้,สสภ.14 (สุราษฎร์ธานี),พัทลุง,ทต.ลำสินธุ์,2561,ตำบล,ระดับพื้นที่,ระดับดีเยี่ยม,ทต.
ภาคใต้,สสภ.14 (สุราษฎร์ธานี),นครศรีธรรมราช,ทต.เกาะเพชร,2562,ตำบล,ระดับพื้นที่,ระดับดีเยี่ยม,ทต.
ภาคใต้,สสภ.14 (สุราษฎร์ธานี),นครศรีธรรมราช,ทต.ท่ายาง,2562,ตำบล,ระดับพื้นที่,ระดับดีเยี่ยม,ทต.
ภาคใต้,สสภ.14 (สุราษฎร์ธานี),พัทลุง,ทต.เขาชัยสน,2562,ตำบล,ระดับพื้นที่,ระดับดีเยี่ยม,ทต.
ภาคใต้,สสภ.14 (สุราษฎร์ธานี),พัทลุง,ทต.นาท่อม,2562,ตำบล,ระดับพื้นที่,ระดับดีมาก,ทต.
ภาคใต้,สสภ.14 (สุราษฎร์ธานี),พัทลุง,ทต.ป่าบอน,2562,ตำบล,ระดับพื้นที่,ระดับดีเยี่ยม,ทต.
ภาคใต้,สสภ.14 (สุราษฎร์ธานี),นครศรีธรรมราช,ทต.เกาะเพชร,2563,ตำบล,ระดับประเทศ,รางวัลรองชนะเลิศ อันดับ 1 (ทบ.),ทต.
ภาคใต้,สสภ.14 (สุราษฎร์ธานี),นครศรีธรรมราช,ทต.ท่ายาง,2563,ตำบล,ระดับประเทศ,รางวัลรองชนะเลิศ อันดับ 3 (ทบ.),ทต.
ภาคใต้,สสภ.14 (สุราษฎร์ธานี),พัทลุง,ทต.เขาชัยสน,2563,ตำบล,ระดับประเทศ,รางวัลรองชนะเลิศ อันดับ 1 (ทบ.),ทต.
ภาคใต้,สสภ.14 (สุราษฎร์ธานี),พัทลุง,ทต.ป่าบอน,2563,ตำบล,ระดับประเทศ,รางวัลรองชนะเลิศ อันดับ 2 (ทบ.),ทต.
ภาคใต้,สสภ.14 (สุราษฎร์ธานี),สุราษฎร์ธานี,ทน.สุราษฎร์ธานี,2547,กลาง,ระดับประเทศ,ดีเด่นระดับประเทศ,ทน.
ภาคใต้,สสภ.14 (สุราษฎร์ธานี),สุราษฎร์ธานี,ทน.สุราษฎร์ธานี,2552,ใหญ่,ระดับประเทศ,รางวัลชมเชย (ทบ.),ทน.
ภาคใต้,สสภ.14 (สุราษฎร์ธานี),สุราษฎร์ธานี,ทน.สุราษฎร์ธานี,2561,นคร,ระดับพื้นที่,ระดับดีเยี่ยม,ทน.
ภาคใต้,สสภ.14 (สุราษฎร์ธานี),สุราษฎร์ธานี,ทน.สุราษฎร์ธานี,2562,นคร,ระดับประเทศ,รางวัลรองชนะเลิศ อันดับ 2 (ทบ.),ทน.
ภาคใต้,สสภ.14 (สุราษฎร์ธานี),สุราษฎร์ธานี,ทม.ท่าข้าม,2547,เมือง,ระดับประเทศ,ดีเด่นระดับประเทศ,ทม.
ภาคใต้,สสภ.14 (สุราษฎร์ธานี),สุราษฎร์ธานี,ทม.ท่าข้าม,2550,กลาง,ระดับประเทศ,รางวัลรองชนะเลิศ อันดับ 1 (ทบ.),ทม.
ภาคใต้,สสภ.14 (สุราษฎร์ธานี),นครศรีธรรมราช,ทม.ทุ่งสง,2552,ใหญ่,ระดับประเทศ,รางวัลชมเชย (ทบ.),ทม.
ภาคใต้,สสภ.14 (สุราษฎร์ธานี),สุราษฎร์ธานี,ทม.ท่าข้าม,2552,กลาง,ระดับประเทศ,รางวัลชมเชย (ทบ.),ทม.
ภาคใต้,สสภ.14 (สุราษฎร์ธานี),นครศรีธรรมราช,ทม.ทุ่งสง,2555,ใหญ่,ระดับประเทศ,รางวัลชมเชย (ทบ.),ทม.
ภาคใต้,สสภ.14 (สุราษฎร์ธานี),สุราษฎร์ธานี,ทม.ท่าข้าม,2555,กลาง,ระดับประเทศ,รางวัลชมเชย (ทบ.),ทม.
ภาคใต้,สสภ.14 (สุราษฎร์ธานี),นครศรีธรรมราช,ทม.ทุ่งสง,2558,ใหญ่,ระดับประเทศ,รางวัลรองชนะเลิศ อันดับ 1 (ทบ.),ทม.
ภาคใต้,สสภ.14 (สุราษฎร์ธานี),นครศรีธรรมราช,ทม.ทุ่งสง,2559,ใหญ่,ระดับประเทศ,รางวัลรองชนะเลิศ อันดับ 2 (ทบ.),ทม.
ภาคใต้,สสภ.14 (สุราษฎร์ธานี),ชุมพร,ทม.ชุมพร,2561,เมือง,ระดับพื้นที่,ระดับดีมาก,ทม.
ภาคใต้,สสภ.14 (สุราษฎร์ธานี),นครศรีธรรมราช,ทม.ทุ่งสง,2561,เมือง,ระดับพื้นที่,ระดับดีเยี่ยม,ทม.
ภาคใต้,สสภ.14 (สุราษฎร์ธานี),ชุมพร,ทม.ชุมพร,2562,เมือง,ระดับพื้นที่,ระดับดีมาก,ทม.
ภาคใต้,สสภ.14 (สุราษฎร์ธานี),นครศรีธรรมราช,ทต.ชะมาย,2562,ตำบล,ระดับประเทศ,รางวัลชมเชย (ทบ.),ทต.
ภาคใต้,สสภ.14 (สุราษฎร์ธานี),พัทลุง,ทต.ลำสินธุ์,2562,ตำบล,ระดับประเทศ,รางวัลรองชนะเลิศ อันดับ 3 (ทบ.),ทต.
ภาคใต้,สสภ.15 (ภูเก็ต),ตรัง,ทต.ห้วยยอด,2552,กลาง,ระดับประเทศ,รางวัลชมเชย (ทบ.),ทต.
ภาคใต้,สสภ.15 (ภูเก็ต),กระบี่,ทต.ปลายพระยา,2559,กลาง,ระดับประเทศ,รางวัลชมเชย (ทบ.),ทต.
ภาคใต้,สสภ.15 (ภูเก็ต),ตรัง,ทต.สิเกา,2559,กลาง,ระดับประเทศ,รางวัลชมเชย (ทบ.),ทต.
ภาคใต้,สสภ.15 (ภูเก็ต),ตรัง,ทต.นาตาล่วง,2561,ตำบล,ระดับพื้นที่,ระดับดีมาก,ทต.
ภาคใต้,สสภ.15 (ภูเก็ต),ตรัง,ทต.นาวง,2561,ตำบล,ระดับพื้นที่,ระดับดี,ทต.
ภาคใต้,สสภ.15 (ภูเก็ต),ตรัง,ทต.ทุ่งยาว,2562,ตำบล,ระดับพื้นที่,ระดับดีมาก,ทต.
ภาคใต้,สสภ.15 (ภูเก็ต),ตรัง,ทต.นาตาล่วง,2562,ตำบล,ระดับพื้นที่,ระดับดีเยี่ยม,ทต.
ภาคใต้,สสภ.15 (ภูเก็ต),ตรัง,ทต.นาวง,2562,ตำบล,ระดับพื้นที่,ระดับดีเยี่ยม,ทต.
ภาคใต้,สสภ.15 (ภูเก็ต),ตรัง,ทต.ห้วยนาง,2562,ตำบล,ระดับพื้นที่,ระดับดี,ทต.
ภาคใต้,สสภ.15 (ภูเก็ต),ระนอง,ทต.กะเปอร์,2562,ตำบล,ระดับพื้นที่,ระดับดีมาก,ทต.
ภาคใต้,สสภ.15 (ภูเก็ต),ตรัง,ทต.นาตาล่วง,2563,ตำบล,ระดับประเทศ,รางวัลรองชนะเลิศ อันดับ 2 (ทบ.),ทต.
ภาคใต้,สสภ.15 (ภูเก็ต),ตรัง,ทต.นาวง,2563,ตำบล,ระดับประเทศ,รางวัลรองชนะเลิศ อันดับ 3 (ทบ.),ทต.
ภาคใต้,สสภ.15 (ภูเก็ต),ตรัง,ทน.ตรัง,2547,นคร,ระดับประเทศ,ดีเด่นระดับประเทศ,ทน.
ภาคใต้,สสภ.15 (ภูเก็ต),ภูเก็ต,ทน.ภูเก็ต,2547,ใหญ่,ระดับประเทศ,ดีเด่นระดับภาค,ทน.
ภาคใต้,สสภ.15 (ภูเก็ต),ตรัง,ทน.ตรัง,2550,ใหญ่,ระดับประเทศ,รางวัลชนะเลิศ ทบ.น่าอยู่ ยอดเยี่ยมระดับประเทศ,ทน.
ภาคใต้,สสภ.15 (ภูเก็ต),ภูเก็ต,ทน.ภูเก็ต,2552,ใหญ่,ระดับประเทศ,รางวัลชนะเลิศ ทบ.น่าอยู่ ยอดเยี่ยมระดับประเทศ,ทน.
ภาคใต้,สสภ.15 (ภูเก็ต),ภูเก็ต,ทน.ภูเก็ต,2559,ใหญ่,ระดับประเทศ,รางวัลชนะเลิศ ทบ.ด้าน สวล. ยั่งยืนยอดเยี่ยมระดับประเทศ,ทน.
ภาคใต้,สสภ.15 (ภูเก็ต),ภูเก็ต,ทน.ภูเก็ต,2559,ใหญ่,ระดับประเทศ,รางวัลรองชนะเลิศ อันดับ 1 (ทบ.),ทน.
ภาคใต้,สสภ.15 (ภูเก็ต),ภูเก็ต,ทม.กะทู้,2547,เมือง,ระดับประเทศ,ดีเด่นระดับประเทศ,ทม.
ภาคใต้,สสภ.15 (ภูเก็ต),ภูเก็ต,ทม.กะทู้,2552,กลาง,ระดับประเทศ,รางวัลชมเชย (ทบ.),ทม.
ภาคใต้,สสภ.15 (ภูเก็ต),กระบี่,ทม.กระบี่,2555,ใหญ่,ระดับประเทศ,รางวัลชนะเลิศ ทบ.น่าอยู่ ยอดเยี่ยมระดับประเทศ,ทม.
ภาคใต้,สสภ.15 (ภูเก็ต),ภูเก็ต,ทม.กะทู้,2555,กลาง,ระดับประเทศ,รางวัลชมเชย (ทบ.),ทม.
ภาคใต้,สสภ.15 (ภูเก็ต),ภูเก็ต,ทม.ป่าตอง,2555,กลาง,ระดับประเทศ,รางวัลชมเชย (ทบ.),ทม.
ภาคใต้,สสภ.15 (ภูเก็ต),กระบี่,ทม.กระบี่,2558,ใหญ่,ระดับประเทศ,รางวัลชนะเลิศ ทบ.ด้าน สวล. ยั่งยืนยอดเยี่ยมระดับประเทศ,ทม.
ภาคใต้,สสภ.15 (ภูเก็ต),ภูเก็ต,ทม.ป่าตอง,2558,ใหญ่,ระดับประเทศ,รางวัลแห่งความมุ่งมั่นตั้งใจในการจัดการสิ่งแวดล้อมยั่งยืน,ทม.
ภาคใต้,สสภ.15 (ภูเก็ต),ตรัง,ทม.กันตัง,2559,กลาง,ระดับประเทศ,รางวัลชมเชย (ทบ.),ทม.
ภาคใต้,สสภ.15 (ภูเก็ต),ตรัง,ทม.กันตัง,2561,เมือง,ระดับพื้นที่,ระดับดีเยี่ยม,ทม.
ภาคใต้,สสภ.15 (ภูเก็ต),ตรัง,ทม.กันตัง,2562,เมือง,ระดับประเทศ,รางวัลรองชนะเลิศ อันดับ 1 (ทบ.),ทม.
ภาคใต้,สสภ.15 (ภูเก็ต),ภูเก็ต,ทม.ป่าตอง,2562,เมือง,ระดับพื้นที่,ระดับดีเยี่ยม,ทม.
ภาคใต้,สสภ.15 (ภูเก็ต),ระนอง,ทม.ระนอง,2562,ตำบล,ระดับพื้นที่,ระดับดีมาก,ทม.
ภาคใต้,สสภ.16 (สงขลา),สตูล,ทต.กำแพง,2547,ตำบล,ระดับประเทศ,ดีเด่นระดับภาค,ทต.
ภาคใต้,สสภ.16 (สงขลา),สตูล,ทต.กำแพง,2550,กลาง,ระดับประเทศ,รางวัลรองชนะเลิศ อันดับ 2 (ทบ.),ทต.
ภาคใต้,สสภ.16 (สงขลา),สงขลา,ทต.กำแพงเพชร,2552,กลาง,ระดับประเทศ,รางวัลรองชนะเลิศ อันดับ 3 (ทบ.),ทต.
ภาคใต้,สสภ.16 (สงขลา),สตูล,ทต.กำแพง,2552,กลาง,ระดับประเทศ,รางวัลชมเชย (ทบ.),ทต.
ภาคใต้,สสภ.16 (สงขลา),สตูล,ทต.กำแพง,2555,กลาง,ระดับประเทศ,รางวัลรองชนะเลิศ อันดับ 1 (ทบ.),ทต.
ภาคใต้,สสภ.16 (สงขลา),สงขลา,ทต.บางเหรียง,2559,กลาง,ระดับประเทศ,รางวัลรองชนะเลิศ อันดับ 2 (ทบ.),ทต.
ภาคใต้,สสภ.16 (สงขลา),สตูล,ทต.กำแพง,2559,กลาง,ระดับประเทศ,รางวัลรองชนะเลิศ อันดับ 3 (ทบ.),ทต.
ภาคใต้,สสภ.16 (สงขลา),สตูล,ทต.คลองขุด,2559,กลาง,ระดับประเทศ,รางวัลรองชนะเลิศ อันดับ 3 (ทบ.),ทต.
ภาคใต้,สสภ.16 (สงขลา),ยะลา,ทต.ยุโป,2561,ตำบล,ระดับพื้นที่,ระดับดีเยี่ยม,ทต.
ภาคใต้,สสภ.16 (สงขลา),สงขลา,ทต.ควนเนียง,2561,ตำบล,ระดับพื้นที่,ระดับดีเยี่ยม,ทต.
ภาคใต้,สสภ.16 (สงขลา),สงขลา,ทต.นาทวี,2561,ตำบล,ระดับพื้นที่,ระดับดี,ทต.
ภาคใต้,สสภ.16 (สงขลา),สงขลา,ทต.บางเหรียง,2561,ตำบล,ระดับพื้นที่,ระดับดีเยี่ยม,ทต.
ภาคใต้,สสภ.16 (สงขลา),สตูล,ทต.กำแพง,2561,ตำบล,ระดับพื้นที่,ระดับดีเยี่ยม,ทต.
ภาคใต้,สสภ.16 (สงขลา),สตูล,ทต.คลองขุด,2561,เล็ก,ระดับพื้นที่,ระดับดีเยี่ยม,ทต.
ภาคใต้,สสภ.16 (สงขลา),สตูล,ทต.ฉลุง,2561,ตำบล,ระดับพื้นที่,ระดับดีมาก,ทต.
ภาคใต้,สสภ.16 (สงขลา),สงขลา,ทต.เกาะแต้ว,2562,ตำบล,ระดับพื้นที่,ระดับดี,ทต.
ภาคใต้,สสภ.16 (สงขลา),สงขลา,ทต.ปริก,2562,ตำบล,ระดับพื้นที่,ระดับดีเยี่ยม,ทต.
ภาคใต้,สสภ.16 (สงขลา),สตูล,ทต.ควนโดน,2562,ตำบล,ระดับพื้นที่,ระดับดีเยี่ยม,ทต.
ภาคใต้,สสภ.16 (สงขลา),สตูล,ทต.ฉลุง,2562,ตำบล,ระดับพื้นที่,ระดับดีเยี่ยม,ทต.
ภาคใต้,สสภ.16 (สงขลา),สงขลา,ทต.ปริก,2563,ตำบล,ระดับประเทศ,รางวัลชนะเลิศ ทบ.น่าอยู่ ยอดเยี่ยมระดับประเทศ,ทต.
ภาคใต้,สสภ.16 (สงขลา),สงขลา,ทต.ปริก,2563,ตำบล,ระดับประเทศ,รางวัลชนะเลิศ ทบ.น่าอยู่ ยอดเยี่ยมระดับประเทศ,ทต.
ภาคใต้,สสภ.16 (สงขลา),สตูล,ทต.ควนโดน,2563,ตำบล,ระดับประเทศ,รางวัลรองชนะเลิศ อันดับ 1 (ทบ.),ทต.
ภาคใต้,สสภ.16 (สงขลา),สตูล,ทต.ฉลุง,2563,ตำบล,ระดับประเทศ,รางวัลรองชนะเลิศ อันดับ 1 (ทบ.),ทต.
ภาคใต้,สสภ.16 (สงขลา),สงขลา,ทน.สงขลา,2547,ใหญ่,ระดับประเทศ,ยอดเยี่ยมระดับประเทศ,ทน.
ภาคใต้,สสภ.16 (สงขลา),สงขลา,ทน.หาดใหญ่,2547,ใหญ่,ระดับประเทศ,ดีเด่นระดับภาค,ทน.
ภาคใต้,สสภ.16 (สงขลา),สงขลา,ทน.สงขลา,2550,ใหญ่,ระดับประเทศ,รางวัลชมเชย (ทบ.),ทน.
ภาคใต้,สสภ.16 (สงขลา),ยะลา,ทน.ยะลา,2552,ใหญ่,ระดับประเทศ,รางวัลรองชนะเลิศ อันดับ 3 (ทบ.),ทน.
ภาคใต้,สสภ.16 (สงขลา),ยะลา,ทน.ยะลา,2555,ใหญ่,ระดับประเทศ,รางวัลรองชนะเลิศ อันดับ 1 (ทบ.),ทน.
ภาคใต้,สสภ.16 (สงขลา),ยะลา,ทน.ยะลา,2558,ใหญ่,ระดับประเทศ,รางวัลรองชนะเลิศ อันดับ 3 (ทบ.),ทน.
ภาคใต้,สสภ.16 (สงขลา),สงขลา,ทน.หาดใหญ่,2559,ใหญ่,ระดับประเทศ,รางวัลรองชนะเลิศ อันดับ 2 (ทบ.),ทน.
ภาคใต้,สสภ.16 (สงขลา),ยะลา,ทน.ยะลา,2561,นคร,ระดับพื้นที่,ระดับดีเยี่ยม,ทน.
ภาคใต้,สสภ.16 (สงขลา),สงขลา,ทน.สงขลา,2561,นคร,ระดับพื้นที่,ระดับดีเยี่ยม,ทน.
ภาคใต้,สสภ.16 (สงขลา),สงขลา,ทน.หาดใหญ่,2561,นคร,ระดับพื้นที่,ระดับดีเยี่ยม,ทน.
ภาคใต้,สสภ.16 (สงขลา),ยะลา,ทน.ยะลา,2562,นคร,ระดับประเทศ,รางวัลรองชนะเลิศ อันดับ 1 (ทบ.),ทน.
ภาคใต้,สสภ.16 (สงขลา),ยะลา,ทน.ยะลา,2562,นคร,ระดับพื้นที่,ระดับดีเยี่ยม,ทน.
ภาคใต้,สสภ.16 (สงขลา),สงขลา,ทน.สงขลา,2562,นคร,ระดับพื้นที่,ระดับดีเยี่ยม,ทน.
ภาคใต้,สสภ.16 (สงขลา),สงขลา,ทน.หาดใหญ่,2562,นคร,ระดับประเทศ,รางวัลรองชนะเลิศ อันดับ 2 (ทบ.),ทน.
ภาคใต้,สสภ.16 (สงขลา),ยะลา,ทน.ยะลา,2563,นคร,ระดับประเทศ,รางวัลชนะเลิศ ทบ.น่าอยู่ ยอดเยี่ยมระดับประเทศ,ทน.
ภาคใต้,สสภ.16 (สงขลา),สงขลา,ทน.สงขลา,2563,นคร,ระดับประเทศ,รางวัลชนะเลิศ ทบ.ด้าน สวล. ยั่งยืนยอดเยี่ยมระดับประเทศ,ทน.
ภาคใต้,สสภ.16 (สงขลา),สงขลา,ทน.สงขลา,2563,นคร,ระดับประเทศ,รางวัลรองชนะเลิศ อันดับ 1 (ทบ.),ทน.
ภาคใต้,สสภ.16 (สงขลา),ปัตตานี,ทม.ปัตตานี,2550,ใหญ่,ระดับประเทศ,รางวัลรองชนะเลิศ อันดับ 2 (ทบ.),ทม.
ภาคใต้,สสภ.16 (สงขลา),ปัตตานี,ทม.ปัตตานี,2561,เมือง,ระดับพื้นที่,ระดับดีเยี่ยม,ทม.
ภาคใต้,สสภ.16 (สงขลา),สงขลา,ทม.สะเดา,2561,เมือง,ระดับพื้นที่,ระดับดีเยี่ยม,ทม.
ภาคใต้,สสภ.16 (สงขลา),ปัตตานี,ทม.ปัตตานี,2562,เมือง,ระดับประเทศ,รางวัลรองชนะเลิศ อันดับ 1 (ทบ.),ทม.
ภาคใต้,สสภ.16 (สงขลา),ยะลา,ทม.เบตง,2562,เมือง,ระดับพื้นที่,ระดับดีมาก,ทม.
ภาคใต้,สสภ.16 (สงขลา),สงขลา,ทม.คอหงส์,2562,เมือง,ระดับพื้นที่,ระดับดีเยี่ยม,ทม.
ภาคใต้,สสภ.16 (สงขลา),สงขลา,ทม.สะเดา,2562,เมือง,ระดับประเทศ,รางวัลรองชนะเลิศ อันดับ 2 (ทบ.),ทม.
ภาคใต้,สสภ.16 (สงขลา),สตูล,ทม.สตูล,2562,ตำบล,ระดับพื้นที่,ระดับดีเยี่ยม,ทม.
ภาคใต้,สสภ.16 (สงขลา),สงขลา,ทม.คอหงส์,2563,เมือง,ระดับประเทศ,รางวัลความมุ่งมั่นในการพัฒนาเมืองสู่ความน่าอยู่อย่างยั่งยืน,ทม.
ภาคใต้,สสภ.16 (สงขลา),สตูล,ทม.สตูล,2563,เมือง,ระดับประเทศ,รางวัลรองชนะเลิศ อันดับ 2 (ทบ.),ทม.
ภาคใต้,สสภ.16 (สงขลา),ยะลา,ทต.ยุโป,2562,ตำบล,ระดับประเทศ,รางวัลชมเชย (ทบ.),ทต.
ภาคใต้,สสภ.16 (สงขลา),สงขลา,ทต.ควนเนียง,2562,ตำบล,ระดับประเทศ,รางวัลชมเชย (ทบ.),ทต.
ภาคใต้,สสภ.16 (สงขลา),สงขลา,ทต.บางเหรียง,2562,ตำบล,ระดับประเทศ,รางวัลรองชนะเลิศ อันดับ 2 (ทบ.),ทต.
ภาคใต้,สสภ.16 (สงขลา),สตูล,ทต.กำแพง,2562,ตำบล,ระดับประเทศ,รางวัลชนะเลิศ ทบ.ด้าน สวล. ยั่งยืนยอดเยี่ยมระดับประเทศ,ทต.
ภาคใต้,สสภ.16 (สงขลา),สตูล,ทต.กำแพง,2562,ตำบล,ระดับประเทศ,รางวัลรองชนะเลิศ อันดับ 1 (ทบ.),ทต.
ภาคใต้,สสภ.16 (สงขลา),สตูล,ทต.คลองขุด,2562,ตำบล,ระดับประเทศ,รางวัลรองชนะเลิศ อันดับ 3 (ทบ.),ทต.
